,ItemSlot,Category,ItemCode,Item
0,AMULET,AMULET,AMUL01,Necklace_of_Missiles
1,AMULET,AMULET,AMUL02,Necklace
2,AMULET,AMULET,AMUL04,Studded_Necklace_with_Zios_Gems
3,AMULET,AMULET,AMUL05,Bluestone_Necklace
4,AMULET,AMULET,AMUL06,Agni_Mani_Necklace
5,AMULET,AMULET,AMUL07,Rainbow_Obsidian_Necklace
6,AMULET,AMULET,AMUL08,Tiger_Cowrie_Shell_Necklace
7,AMULET,AMULET,AMUL09,Silver_Necklace
8,AMULET,AMULET,AMUL10,Gold_Necklace
9,AMULET,AMULET,AMUL11,Pearl_Necklace
10,AMULET,AMULET,AMUL12,Laerals_Tear_Necklace
11,AMULET,AMULET,AMUL13,Bloodstone_Amulet
12,AMULET,AMULET,AMUL14,Amulet_of_Protection_PLUS1
13,AMULET,AMULET,AMUL15,Shield_Amulet
14,AMULET,AMULET,AMUL16,Amulet_of_Metaspell_Influence
15,AMULET,AMULET,AMUL17,Greenstone_Amulet
16,AMULET,AMULET,AMUL18,Wolfsbane_Charm_PLUS2_vs_Lycanthropes
17,AMULET,AMULET,AMUL19,Amulet_of_5
18,AMULET,AMULET,AMUL20,Kaliguns_Amulet_of_Magic_Resistance
19,AMULET,AMULET,AMUL21,Amulet_of_Power
20,AMULET,AMULET,AMUL22,Periapt_of_Proof_Against_Poison
21,AMULET,AMULET,AMUL23,Periapt_of_Life_Protection
22,AMULET,AMULET,AMUL24,Necklace_of_Form_Stability
23,AMULET,AMULET,AMUL25,Amulet_of_Spell_Warding
24,AMULET,AMULET,AMUL26,Amulet_of_Cheetah_Speed
25,AMULET,AMULET,AMUL27,Amulet_of_Seldarine
26,AMULET,AMULET,AMUL28,Amulet_of_the_Master_Harper
27,AMULET,AMULET,OHNAMUL1,Talisman_of_the_Hearthfire
28,AMULET,AMULET,OHNAMUL2,Wooden_Horse_Necklace
29,AMULET,AMULET,OHRAMUL1,Brooch_of_the_Vagrant_Blades
30,AMULET,AMULET,BDAMUL02,Archer_Eyes
31,RING,RING,BELT12,Holy_Symbol_of_Lathander
32,RING,RING,BELT13,Holy_Symbol_of_Helm
33,RING,RING,BELT14,Holy_Symbol_of_Talos
34,RING,RING,FREERING,Edventars_Gift_1
35,RING,RING,JWSUPER,Edventars_Gift_2
36,RING,RING,OHBREW01,Faulty_Ring_of_Protection_from_Evil
37,RING,RING,OHRINGWI,Reaching_Ring
38,RING,RING,RINGPICO,Ring_of_Earth_Control_1
39,RING,RING,ROSSLAND,Sandthiefs_Ring_6
40,RING,RING,ROSSRING,Edventars_Gift_5
41,RING,RING,ALDETH,Edventars_Gift
42,RING,RING,MAGE05,Edventars_Gift_3
43,RING,RING,FAMMY,Sandthiefs_Ring
44,RING,RING,FIRERING,Sandthiefs_Ring_1
45,RING,RING,IMPINVIS,Sandthiefs_Ring_2
46,RING,RING,MAGE01,Sandthiefs_Ring_3
47,RING,RING,NOCIRC,Sandthiefs_Ring_4
48,RING,RING,RABRING,Rabbit_Ring
49,RING,RING,MISC88,Rabbits_Foot
50,RING,RING,RING02,Ring_of_Fire_Resistance
51,RING,RING,RING03,Ring_of_Animal_Friendship
52,RING,RING,RING04,Ring_of_Clumsiness
53,RING,RING,RING05,Ring_of_Invisibility_1
54,RING,RING,RING06,Ring_of_Protection_PLUS1
55,RING,RING,RING07,Ring_of_Protection_PLUS2
56,RING,RING,RING08,Ring_of_Wizardry
57,RING,RING,RING09,Ring_of_Free_Action
58,RING,RING,RING20,Ring_of_Energy
59,RING,RING,RING21,Ring_of_Infravision
60,RING,RING,RING22,Ring_of_Holiness
61,RING,RING,RING23,Ring_of_Folly
62,RING,RING,RING25,Koveras_Ring_of_Protection
63,RING,RING,RING26,Ring_of_Djinni_Summoning
64,RING,RING,RING27,Ring_of_Fire_Control
65,RING,RING,RING28,Ring_of_Air_Control
66,RING,RING,RING29,Ring_of_Earth_Control
67,RING,RING,RING30,Ring_of_Human_Influence
68,RING,RING,RING31,Ring_of_Regeneration
69,RING,RING,RING33,Ring_of_the_Ram
70,RING,RING,RING34,Ring_of_Spell_Turning
71,RING,RING,RING35,Ring_of_Lock_Picks
72,RING,RING,RING36,Ring_of_Danger_Sense
73,RING,RING,RING37,Storm_Ring
74,RING,RING,RING38,Dawn_Ring
75,RING,RING,RING39,Ring_of_Gaxx
76,RING,RING,RING40,Ring_of_Acuity
77,RING,RING,RING41,Ring_of_Protection_PLUS3
78,RING,RING,RING42,Ring_of_Improved_Invisibility
79,RING,RING,RING46,Ring_of_AntiVenom
80,RING,RING,WA2RING,Mercykiller_Ring
81,RING,RING,MISC72,The_Claw_of_Kazgaroth
82,RING,RING,RING44,Heartwood_Ring
83,RING,RING,OHRRING1,Ring_of_Duplication
84,BRACER,BRACER,BRAC01,Bracers_of_Defense_AC_8
85,BRACER,BRACER,BRAC02,Bracers_of_Defense_AC_7
86,BRACER,BRACER,BRAC03,Bracers_of_Defense_AC_6
87,BRACER,BRACER,BRAC04,Bracers_of_Archery
88,BRACER,BRACER,BRAC05,Bracers
89,BRACER,BRACER,BRAC06,Gauntlets_of_Ogre_Power
90,BRACER,BRACER,BRAC07,Gauntlets_of_Dexterity
91,BRACER,BRACER,BRAC08,Gauntlets_of_Fumbling
92,BRACER,BRACER,BRAC09,Gauntlets_of_Weapon_Skill
93,BRACER,BRACER,BRAC10,Gauntlets_of_Weapon_Expertise
94,BRACER,BRACER,BRAC11,Bracers_of_Binding
95,BRACER,BRACER,BRAC12,Bracers_1
96,BRACER,BRACER,BRAC13,Bracers_of_Defense_AC_5
97,BRACER,BRACER,BRAC14,Bracers_of_Defense_AC_4
98,BRACER,BRACER,BRAC15,Bracers_of_Defense_AC_3
99,BRACER,BRACER,BRAC16,Bracers_of_Blinding_Strike
100,BRACER,BRACER,BRAC17,Gloves_of_Pick_Pocketing
101,BRACER,BRACER,BRAC18,Gloves_of_Missile_Snaring
102,BRACER,BRACER,BRAC19,Gauntlets_of_Crushing
103,BRACER,BRACER,BRAC20,Gloves_of_Healing
104,BRACER,BRACER,BRAC21,Gauntlets_of_Extraordinary_Specialization
105,BRACER,BRACER,BRAC22,Paladins_Bracers
106,BRACER,BRACER,BRAC23,Blessed_Bracers
107,BRACER,BRACER,BRAC24,Bards_Gloves
108,BRACER,BRACER,BRAC25,Wondrous_Gloves
109,BRACER,BRACER,BRAC26,TzuZans_Bracers
110,BRACER,BRACER,RSBRAC,Glimmering_Bands
111,BRACER,BRACER,MAGEBRAC,Bracers_2
112,BRACER,BRACER,OHBBRAC1,Enforcer_Bracers
113,BRACER,BRACER,OHBGLOV1,The_Wingeds_Gauntlet
114,BRACER,BRACER,OHRBRAC1,Gauntlets_of_Aln_Zekk
115,BRACER,BRACER,NPMISC2,Jansen_Techno_Gloves
116,BELT,BELT,BELT01,Girdle
117,BELT,BELT,BELT02,Golden_Girdle
118,BELT,BELT,BELT03,Girdle_of_Bluntness
119,BELT,BELT,BELT04,Girdle_of_Piercing
120,BELT,BELT,BELT05,Girdle_of_MasculinityFemininity
121,BELT,BELT,BELT06,Girdle_of_Hill_Giant_Strength
122,BELT,BELT,BELT07,Girdle_of_Stone_Giant_Strength
123,BELT,BELT,BELT08,Girdle_of_Frost_Giant_Strength
124,BELT,BELT,BELT09,Girdle_of_Fortitude
125,BELT,BELT,BELT10,Belt_of_Inertial_Barrier
126,BELT,BELT,BELT11,Girdle_of_Fire_Giant_Strength
127,BELT,BELT,BELT16,Belt_of_Antipde
128,BELT,BELT,NEBELT01,Adoys_Belt
129,BELT,BELT,BELT15,Big_Fisted_Belt
130,BELT,BELT,OHRBELT1,Ox_Tail_Belt
131,BELT,BELT,OHRBELT2,Belt_of_Minor_Invulnerability
132,BELT,BELT,BDBELT02,Belt_of_Skillful_Blade
133,BELT,BELT,IMOENHP1,Imoens_Belt
134,BELT,BELT,MEL01,Imoens_Belt_1
135,BOOT,BOOT,BOOT01,Boots_of_Speed
136,BOOT,BOOT,BOOT02,Boots_of_Stealth
137,BOOT,BOOT,BOOT03,Boots_of_the_North
138,BOOT,BOOT,BOOT04,Boots_of_Avoidance
139,BOOT,BOOT,BOOT05,Boots_of_Grounding
140,BOOT,BOOT,BOOT06,Worn_Out_Boots
141,BOOT,BOOT,BOOT07,Boots_of_Elvenkind
142,BOOT,BOOT,BOOT08,Boots_of_Phasing
143,BOOT,BOOT,BOOT09,Boots
144,BOOT,BOOT,BOOT10,Boots_of_Lightning_Speed
145,BOOT,BOOT,BOOT11,Boots_of_Etherealness
146,BOOT,BOOT,BOOT12,Gargoyle_Boots
147,BOOT,BOOT,BOOTDRIZ,Drizzts_Boots_of_Speed
148,BOOT,BOOT,RSBOOT,Moonlight_walkers
149,BOOT,BOOT,CHAINS,Worn_out_Boots_1
150,BOOT,BOOT,DASBOOT,The_Paws_of_the_Cheetah_2
151,BOOT,BOOT,MOVE7,The_Paws_of_the_Cheetah_3
152,BOOT,BOOT,OHRBOOT1,Night_Walkers
153,BOOT,BOOT,SOUND2MN,Boots_1
154,BOOT,BOOT,TROLLBOO,The_Paws_of_the_Cheetah_4
155,BOOT,BOOT,PLOT01P,Old_Slippers
156,BOOT,BOOT,MISC8J,Boots_of_the_West
157,BOOT,BOOT,MISCAI,Worn_out_Boots_2
158,HELM,HELM,HELM01,Helmet
159,HELM,HELM,HELM02,Helm_of_Opposite_Alignment
160,HELM,HELM,HELM03,Helm_of_Glory
161,HELM,HELM,HELM04,Helm_of_Defense
162,HELM,HELM,HELM05,Helm_of_Infravision
163,HELM,HELM,HELM06,Helm_of_Charm_Protection
164,HELM,HELM,HELM07,Helm_of_Balduran
165,HELM,HELM,HELM08,Helmet_1
166,HELM,HELM,HELM09,Helmet_4
167,HELM,HELM,HELM10,Helmet_5
168,HELM,HELM,HELM11,Helmet_6
169,HELM,HELM,HELM12,Helmet_7
170,HELM,HELM,HELM13,Helmet_8
171,HELM,HELM,HELM14,Kiels_Helmet
172,HELM,HELM,HELM15,Helmet_9
173,HELM,HELM,HELM16,Helm_of_Brilliance
174,HELM,HELM,HELM17,Skull_of_Death
175,HELM,HELM,HELM18,Pearly_White_Ioun_Stone
176,HELM,HELM,HELM19,Dusty_Rose_Ioun_Stone
177,HELM,HELM,HELM20,Pale_Green_Ioun_Stone
178,HELM,HELM,HELM21,Dragon_Helm
179,HELM,HELM,HELM22,Amnish_Helmet
180,HELM,HELM,HELM23,Golden_Ioun_Stone
181,HELM,HELM,HELM24,Obsidian_Ioun_Stone
182,HELM,HELM,HELM25,Silver_Ioun_Stone
183,HELM,HELM,HELM26,Lavender_Ioun_Stone
184,HELM,HELM,HELM27,Bronze_Ioun_Stone
185,HELM,HELM,HELM28,Circlet_of_Netheril_1
186,HELM,HELM,HELM29,Thieves_Hood
187,HELM,HELM,HELM30,Thieves_Hood_1
188,HELM,HELM,HELM31,Helm_of_the_Rock
189,HELM,HELM,HELM32,Helm_of_the_Rock_1
190,HELM,HELM,HELM33,Gold_Horned_Helm
191,HELM,HELM,HELM34,Wong_Feis_Ioun_Stone
192,HELM,HELM,WAFLAIL,Defender_of_Easthaven_PLUS2
193,HELM,HELM,WA2HELM,Vhailors_Helm
194,HELM,HELM,OHRHELM1,Headband_of_the_Devout
195,HELM,HELM,BAND03,Eilistraee_Boom_PLUS1
196,HELM,HELM,BAND04,Circlet_of_the_Archmage
197,HELM,HELM,WINGS01,Fallen_Archer
198,HELM,HELM,WINGS01B,Fallen_Archer_1
199,HELM,HELM,NPMISC1,Jansen_Spectroscopes
200,HELM,HELM,KEY20,Mask_of_King_Strohm_III
201,HELM,HELM,OHDMASK,The_Visage
202,HELM,HELM,HELMSKWA,Helmet_11
203,HELM,HELM,CHALHELM,Gift_of_Peace
204,HELM,HELM,DHELM01,Helmet_2
205,HELM,HELM,ELFHELM,Helmet_3
206,HELM,HELM,IHELM01,Helmet_12
207,HELM,HELM,OHREYEB,Eyes_of_the_Beholder
208,HELM,HELM,PALHELM,Helm_of_the_Noble_PLUS1_1
209,HELM,HELM,MISC9P,Helmet_14
210,HELM,HELM,MISCA6,Patrol_Leaders_Helmet
211,HELM,HELM,OHNHELM1,Thayan_Circlet
212,HELM,HELM,BDHELM09,Helmet_of_Dumathoin
213,HELM,HELM,BDHELM11,Bard_Hat
214,WEAPON,AXE,AX1H01,Battle_Axe
215,WEAPON,AXE,AX1H02,Battle_Axe_PLUS1
216,WEAPON,AXE,AX1H03,Battle_Axe_of_The_Mauletar_PLUS2
217,WEAPON,AXE,AX1H04,Throwing_Axe
218,WEAPON,AXE,AX1H05,Throwing_Axe_PLUS2
219,WEAPON,AXE,AX1H06,Throwing_Axe_Rhyte_Last_Arrow_PLUS2
220,WEAPON,AXE,AX1H07,Balas_Axe
221,WEAPON,AXE,AX1H08,Hangards_Axe_PLUS2
222,WEAPON,AXE,AX1H09,Rifthome_Axe_PLUS3
223,WEAPON,AXE,AX1H10,Azuredge_Axe_PLUS3
224,WEAPON,AXE,AX1H11,Battle_Axe_PLUS2_1
225,WEAPON,AXE,AX1H12,Battle_Axe_PLUS3_Stonefire
226,WEAPON,AXE,AX1H13,Battle_Axe_PLUS3_Frostreaver
227,WEAPON,AXE,AX1H14,Axe_of_the_Unyielding_PLUS3
228,WEAPON,AXE,AX1H15,Axe_of_the_Unyielding_PLUS5
229,WEAPON,AXE,AX1H16,Klogarath_PLUS4
230,WEAPON,AXE,AX1H17,Battle_Axe_PLUS3
231,WEAPON,AXE,AX1H18,Beruel_Retort_PLUS1
232,WEAPON,AXE,AX1H19,The_Golden_Axe_PLUS1
233,WEAPON,AXE,ENSW2H,Battle_Axe_PLUS3_2
234,WEAPON,AXE,OHRAXE01,Dwarven_Pickaxe_PLUS1
235,WEAPON,AXE,BRUENAXE,Battle_Axe_PLUS3_1
236,WEAPON,AXE,DAX1H01,Battle_Axe_1
237,WEAPON,AXE,IAX1H01,Battle_Axe_2
238,WEAPON,AXE,KORAX01,Battle_Axe_PLUS1_1
239,WEAPON,AXE,OHRAX1H1,Hojars_Fame_PLUS1
240,WEAPON,AXE,WAAXE,Axe_of_Hrothgar_PLUS3
242,WEAPON,AXE,GIAFIR2,Battle_Axe_of_Mauletar_PLUS2_1
250,WEAPON,HALBERD,HALB01,Halberd
251,WEAPON,HALBERD,HALB02,Halberd_PLUS1
252,WEAPON,HALBERD,HALB03,Halberd_PLUS2
253,WEAPON,HALBERD,HALB04,Halberd_PLUS3_Dragons_Bane
254,WEAPON,HALBERD,HALB05,Halberd_PLUS4_Dragons_Breath
255,WEAPON,HALBERD,HALB06,Halberd_PLUS4_Blackmist
256,WEAPON,HALBERD,HALB07,Halberd_PLUS2_1
257,WEAPON,HALBERD,HALB08,Halberd_PLUS2_Duskblade
258,WEAPON,HALBERD,HALB09,Wave_Halberd_PLUS4
259,WEAPON,HALBERD,HALB09A & HALB09B,Wave_Shaft
260,WEAPON,HALBERD,HALB10,Ravager_PLUS4
261,WEAPON,HALBERD,HALB11,Ravager_PLUS6
262,WEAPON,HALBERD,HALB12,Halberd_PLUS3
263,WEAPON,HALBERD,WA2HALB,Harmonium_Halberd
264,WEAPON,HALBERD,HALB13,The_Chesley_Crusher_PLUS2
265,WEAPON,HALBERD,DWHALB01,Drow_Halberd_PLUS3
266,WEAPON,HALBERD,HALBRD01,Halberd_1
267,WEAPON,HALBERD,HALBSHA,Suryriss_Blade_PLUS2_1
269,WEAPON,HALBERD,PLYFLIND,Halberd_PLUS1_1
270,WEAPON,SPEAR,SPER01,Spear
271,WEAPON,SPEAR,SPER02,Spear_PLUS1
272,WEAPON,SPEAR,SPER03,Spear_PLUS3_Backbiter
273,WEAPON,SPEAR,SPER04,Spear_1
274,WEAPON,SPEAR,SPER05,Spear_PLUS2
275,WEAPON,SPEAR,SPER06,Spear_PLUS3
276,WEAPON,SPEAR,SPER07,Spear_of_the_Unicorn_PLUS2
277,WEAPON,SPEAR,SPER08,Spear_PLUS3_Impaler
278,WEAPON,SPEAR,SPER09,Spear_PLUS1_Halcyon
279,WEAPON,SPEAR,SPER10,Spear_of_Withering_PLUS4
280,WEAPON,SPEAR,SPER11,Ixils_Nail_PLUS4
281,WEAPON,SPEAR,SPER12,Ixils_Spike_PLUS6
282,WEAPON,SPEAR,RODSPEAR,Spear_PLUS3_1
283,WEAPON,SPEAR,DWSPER01,Drow_Lance_PLUS3
284,WEAPON,SPEAR,HGSALF,Spear_2
285,WEAPON,SPEAR,OHBREW02,Faulty_Bane_of_the_Abyss__PLUS4_Spear
286,WEAPON,SPEAR,SAHSPEAR,Spear_4
287,WEAPON,SPEAR,SALACOLD,Spear_5
288,WEAPON,SPEAR,SALASPER,Spear_6
289,WEAPON,SPEAR,SALGRFIR,Spear_7
290,WEAPON,SPEAR,SALGRICE,Spear_8
291,WEAPON,SPEAR,SPERMEL,Spear_10
292,WEAPON,SPEAR,TASLOIIL,Spear_11
293,WEAPON,SPEAR,WASPEAR,Spear_of_Kuldahar_PLUS3
294,WEAPON,STAVE,PSTAFM2,Narbucchad_Demise
295,WEAPON,STAVE,PSTAFM0E,Narbucchad_Demise_PLUS1_2
296,WEAPON,STAVE,PSTAFM0D,Narbucchad_Demise_PLUS1
297,WEAPON,STAVE,PSTAFM0C,Narbucchad_Demise_PLUS2
298,WEAPON,STAVE,PSTAFM0B,Narbucchad_Demise_PLUS3
299,WEAPON,STAVE,PSTAFM0,Narbucchad_Demise_PLUS4
300,WEAPON,STAVE,PSTAFM1,Narbucchad_Demise_PLUS5
301,WEAPON,STAVE,STAF01,Quarterstaff
302,WEAPON,STAVE,STAF02,Quarterstaff_PLUS1
303,WEAPON,STAVE,STAF03,Quarterstaff_1
304,WEAPON,STAVE,STAF04,Quarterstaff_2
305,WEAPON,STAVE,STAF05,Staff_of_Striking
306,WEAPON,STAVE,STAF06,Staff_Mace
307,WEAPON,STAVE,STAF07,Staff_Spear_PLUS2
308,WEAPON,STAVE,STAF08,Quarterstaff_PLUS3
309,WEAPON,STAVE,STAF09,Staff_of_Command
310,WEAPON,STAVE,STAF10,Staff_of_Curing
311,WEAPON,STAVE,STAF11,Staff_of_the_Magi
312,WEAPON,STAVE,STAF12,Staff_of_Power
313,WEAPON,STAVE,STAF13,Staff_of_Thunder_and_Lightning_PLUS2
314,WEAPON,STAVE,STAF14,Staff_of_the_Woodlands_PLUS4
315,WEAPON,STAVE,STAF15,Staff_of_Air_PLUS2
316,WEAPON,STAVE,STAF16,Staff_of_Earth_PLUS2
317,WEAPON,STAVE,STAF17,Staff_of_Fire_PLUS2
318,WEAPON,STAVE,STAF18,Quarter_Staff_PLUS2
319,WEAPON,STAVE,STAF19,Clerics_Staff_PLUS3
320,WEAPON,STAVE,STAF20,Staff_of_Rynn_PLUS4
321,WEAPON,STAVE,STAF21,Staff_of_the_Ram_PLUS4_1
322,WEAPON,STAVE,STAF22,Staff_of_the_Ram_PLUS6
323,WEAPON,STAVE,STAF23,Serpent_Shaft
324,WEAPON,STAVE,STAF24,Quarter_Staff_PLUS3
325,WEAPON,STAVE,STAF25,The_Ossifier
326,WEAPON,STAVE,AURSTAF,Staff_of_the_Ram_PLUS4
327,WEAPON,STAVE,NPSTAF,Staff_of_the_High_Forest
328,WEAPON,STAVE,STAFN1,Neera_Staff
329,WEAPON,STAVE,WASTAFF,Staff_of_Arundel_PLUS3
330,WEAPON,STAVE,ENSTAFF,Quarterstaff_PLUS3_2
331,WEAPON,STAVE,OHBSTAF1,Stirvs_Wrangler_PLUS2
332,WEAPON,STAVE,SAHSTAFF,Quarterstaff_3
333,WEAPON,STAVE,MISC5T,Shamans_Staff
334,WEAPON,STAVE,HGWRA01,Quarterstaff_4
335,WEAPON,STAVE,OHBDEVA1,Rod_of_Smiting
336,WEAPON,DAGGER,DAGG01,Dagger
337,WEAPON,DAGGER,DAGG02,Dagger_PLUS1
338,WEAPON,DAGGER,DAGG03,Dagger_PLUS2
339,WEAPON,DAGGER,DAGG04,Dagger_PLUS2_Longtooth
340,WEAPON,DAGGER,DAGG05,Throwing_Dagger
341,WEAPON,DAGGER,DAGG06,Nesters_Dagger
342,WEAPON,DAGGER,DAGG07,Kylees_Dagger
343,WEAPON,DAGGER,DAGG08,Hentolds_Dagger
344,WEAPON,DAGGER,DAGG09,Werebane_PLUS1
345,WEAPON,DAGGER,DAGG10,Soultaker_Dagger
346,WEAPON,DAGGER,DAGG11,Boomerang_Dagger_PLUS2
347,WEAPON,DAGGER,DAGG12,Dagger_of_Throwing_PLUS3_Firetooth
348,WEAPON,DAGGER,DAGG13,Pixie_Prick_PLUS3
349,WEAPON,DAGGER,DAGG14,Dagger_PLUS4_BoneBlade
350,WEAPON,DAGGER,DAGG15,Dagger_PLUS2_1
351,WEAPON,DAGGER,DAGG16,Poisoned_Throwing_Dagger
352,WEAPON,DAGGER,DAGG17,Stiletto_of_Demarchess_PLUS2
353,WEAPON,DAGGER,DAGG18,Shadow_Thief_Dagger
354,WEAPON,DAGGER,DAGG19,Dagger_of
355,WEAPON,DAGGER,DAGG20,Dagger_PLUS4_LifeStealer
356,WEAPON,DAGGER,DAGG21,Dagger_of_the_Star_PLUS4
357,WEAPON,DAGGER,DAGG22,Dagger_of_the_Star_PLUS5
358,WEAPON,DAGGER,DAGG23,Ixils_Spike
359,WEAPON,DAGGER,DAGG24,Dagger_PLUS3
360,WEAPON,DAGGER,NEBDAG,Nebs_Nasty_Cutter
361,WEAPON,DAGGER,MISC75,Dagger_of_Venom
362,WEAPON,DAGGER,MISC4U,Embarls_Dagger
363,WEAPON,DAGGER,CDNEBDAG,Nebs_Nasty_Cutter_PLUS2
364,WEAPON,DAGGER,DAGGSHIT,Dagger_1
366,WEAPON,DAGGER,OHBDAGG1,Ornate_Dagger
367,WEAPON,DAGGER,OHHDAG01,The_Jade_Fang
368,WEAPON,DAGGER,RAVAG02,Boneblade_PLUS4_1
369,WEAPON,DAGGER,SW1H57,Throwing_Dagger_1
370,WEAPON,DAGGER,SW1H13,Moonblade_PLUS3_1
371,WEAPON,DAGGER,FIRESEED,Fire_Seed
372,WEAPON,DAGGER,ENEBLADE,Energy_Blade
373,WEAPON,SHORTSWORD,CHALCY1,The_Shadows_Blade_PLUS3
374,WEAPON,SHORTSWORD,CHALCY2,The_Shadows_Blade_PLUS3_1
375,WEAPON,SHORTSWORD,ENSW1H02,Short_Sword_PLUS3
376,WEAPON,SHORTSWORD,ISW1H07,Short_Sword
377,WEAPON,SHORTSWORD,NPSW01,Sword_of_Arvoreen_PLUS2
378,WEAPON,SHORTSWORD,NPSW05,Entropy_PLUS2
379,WEAPON,SHORTSWORD,NPSW06,Chaos_Blade
380,WEAPON,SHORTSWORD,OHBREW05,The_Shadows_Blade_PLUS3_2
381,WEAPON,SHORTSWORD,SHAKTI1,Short_Sword_PLUS4
382,WEAPON,SHORTSWORD,STDEATH,The_Shadows_Blade_PLUS3_3
383,WEAPON,SHORTSWORD,SW1H07,Short_Sword_1
384,WEAPON,SHORTSWORD,SW1H08,Short_Sword_PLUS1_3
385,WEAPON,SHORTSWORD,SW1H09,Short_Sword_PLUS2
386,WEAPON,SHORTSWORD,SW1H10,The_Shadows_Blade_PLUS3_4
387,WEAPON,SHORTSWORD,SW1H14,Short_Sword_PLUS1_4
388,WEAPON,SHORTSWORD,SW1H17,Perdues_Short_Sword
389,WEAPON,SHORTSWORD,SW1H21,Short_Sword_2
390,WEAPON,SHORTSWORD,SW1H25,Kundane_PLUS2
391,WEAPON,SHORTSWORD,SW1H26,Ilbratha_PLUS1
392,WEAPON,SHORTSWORD,SW1H27,Arbanes_Sword_PLUS2
393,WEAPON,SHORTSWORD,SW1H28,Cutthroat_PLUS4
394,WEAPON,SHORTSWORD,SW1H29,The_Whistling_Sword_PLUS2
395,WEAPON,SHORTSWORD,SW1H58,Short_Sword_of_Mask_PLUS4
396,WEAPON,SHORTSWORD,SW1H59,Short_Sword_of_Mask_PLUS5
397,WEAPON,SHORTSWORD,SW1H74,Short_Sword_PLUS3_1
398,WEAPON,SHORTSWORD,SW1H98,Short_Sword_PLUS1_5
399,WEAPON,SHORTSWORD,XVARTIL,Short_Sword_3
400,WEAPON,SHORTSWORD,ZOMSEA,Short_Sword_4
401,WEAPON,SHORTSWORD,ARROPHEO,Short_Sword_PLUS1
402,WEAPON,SHORTSWORD,BOWPHEO,Short_Sword_PLUS1_1
403,WEAPON,SHORTSWORD,MYBOLT,Short_Sword_PLUS1_2
404,WEAPON,SHORTSWORD,FBLADE,Flame_Blade
405,WEAPON,SHORTSWORD,SBLADE,Sel_nes_Blade
406,WEAPON,LONGSWORD,ENSW1H01,Long_Sword_PLUS3
407,WEAPON,LONGSWORD,KILLSW01,Varscona_PLUS2
408,WEAPON,LONGSWORD,MARILI,Sword_of_Flame_PLUS1
409,WEAPON,LONGSWORD,MISCBC,Blackrazor_PLUS3
410,WEAPON,LONGSWORD,OHDHSWD,Holy_Long_Sword_of_Tyr_PLUS3
411,WEAPON,LONGSWORD,SW1H04,Long_Sword
412,WEAPON,LONGSWORD,SW1H05,Long_Sword_PLUS1
413,WEAPON,LONGSWORD,SW1H06,Varscona_PLUS2_1
414,WEAPON,LONGSWORD,SW1H12,Hulls_Long_Sword
415,WEAPON,LONGSWORD,SW1H24,The_Burning_Earth_PLUS1
416,WEAPON,LONGSWORD,SW1H31,Daystar_PLUS2
417,WEAPON,LONGSWORD,SW1H32,Peridan_PLUS2
418,WEAPON,LONGSWORD,SW1H33,Ras_PLUS2
419,WEAPON,LONGSWORD,SW1H33A,Ras_PLUS2_1
420,WEAPON,LONGSWORD,SW1H33C,Ras_PLUS2_2
421,WEAPON,LONGSWORD,SW1H35,Adjatha_the_Drinker_PLUS2
422,WEAPON,LONGSWORD,SW1H36,Namarra_PLUS2
423,WEAPON,LONGSWORD,SW1H40,Blade_of_Roses_PLUS3
424,WEAPON,LONGSWORD,SW1H41,Long_Sword_PLUS2
425,WEAPON,LONGSWORD,SW1H53,Sword_of_Flame_PLUS1_1
426,WEAPON,LONGSWORD,SW1H54,The_Equalizer
427,WEAPON,LONGSWORD,SW1H60,Angurvadal_PLUS4
428,WEAPON,LONGSWORD,SW1H61,Angurvadal_PLUS5
429,WEAPON,LONGSWORD,SW1H73,Long_Sword_PLUS3_1
430,WEAPON,LONGSWORD,SW1H77,The_Answerer_PLUS4
431,WEAPON,LONGSWORD,SWUDROP,Long_Sword_1
432,WEAPON,LONGSWORD,TELSWD,Long_Sword_PLUS3_2
433,WEAPON,LONGSWORD,TTSWORD1,Long_Sword_PLUS1_1
434,WEAPON,LONGSWORD,WA2S1H,Sword_of_Balduran_2
435,WEAPON,LONGSWORD,DWSW1H02,Drow_Long_Sword_PLUS3
436,WEAPON,LONGSWORD,SW1H19,The_Vampires_Revenge_PLUS1
437,WEAPON,LONGSWORD,SW1P01,Viper_Edge_PLUS2
438,WEAPON,LONGSWORD,BDSW1H06,Void_Sword_PLUS3
439,WEAPON,LONGSWORD,BLAKBLAD,Black_Blade_of_Disaster
440,WEAPON,LONGSWORD,BONEDAG,Mordenkainens_Sword
441,WEAPON,LONGSWORD,SW1HSEEK,Seeking_Sword
442,WEAPON,LONGSWORD,SW1H79,Harrower_PLUS1
443,WEAPON,BASTARDSWORD,COMPS01,Bastard_Sword
444,WEAPON,BASTARDSWORD,COMPS02,Bastard_Sword_PLUS1
445,WEAPON,BASTARDSWORD,COMPS03,Kondar_PLUS1
446,WEAPON,BASTARDSWORD,COMPS18,Sword_of_Balduran
447,WEAPON,BASTARDSWORD,COMPS34,Albruin_PLUS1_1
448,WEAPON,BASTARDSWORD,COMPS37,Taragarth_PLUS1
449,WEAPON,BASTARDSWORD,COMPS38,Jhor_the_Bleeder_PLUS2
450,WEAPON,BASTARDSWORD,COMPS39,Blade_of_Searing_PLUS3
451,WEAPON,BASTARDSWORD,COMPS42,Bastard_Sword_PLUS2
452,WEAPON,BASTARDSWORD,COMPS62,Foebane_PLUS3
453,WEAPON,BASTARDSWORD,COMPS63,Foebane_PLUS5
454,WEAPON,BASTARDSWORD,COMPS64,Purifier_PLUS4
455,WEAPON,BASTARDSWORD,COMPS65,Purifier_PLUS5
456,WEAPON,BASTARDSWORD,COMPS72,Bastard_Sword_PLUS3
457,WEAPON,BASTARDSWORD,FLIND1,Bastard_Sword_1
458,WEAPON,BASTARDSWORD,OHDSW03,The_Brass_Blade_PLUS5
459,WEAPON,BASTARDSWORD,SHARSWD,Bastard_Sword_PLUS1_1
460,WEAPON,BASTARDSWORD,SW1H01,Bastard_Sword_2
461,WEAPON,BASTARDSWORD,SW1H02,Bastard_Sword_PLUS1_2
462,WEAPON,BASTARDSWORD,SW1H03,Kondar_PLUS1_1
463,WEAPON,BASTARDSWORD,SW1H18,Sword_of_Balduran_1
464,WEAPON,BASTARDSWORD,SW1H34,Albruin_PLUS1
465,WEAPON,BASTARDSWORD,SW1H37,Taragarth_PLUS1_1
466,WEAPON,BASTARDSWORD,SW1H38,Jhor_the_Bleeder_PLUS2_1
467,WEAPON,BASTARDSWORD,SW1H39,Blade_of_Searing_PLUS3_1
468,WEAPON,BASTARDSWORD,SW1H42,Bastard_Sword_PLUS2_1
469,WEAPON,BASTARDSWORD,SW1H62,Foebane_PLUS3_1
470,WEAPON,BASTARDSWORD,SW1H63,Foebane_PLUS5_1
471,WEAPON,BASTARDSWORD,SW1H64,Purifier_PLUS4_1
472,WEAPON,BASTARDSWORD,SW1H65,Purifier_PLUS5_1
473,WEAPON,BASTARDSWORD,SW1H72,Bastard_Sword_PLUS3_1
474,WEAPON,TWOHANDSWORD,CHEVIL10,Flame_of_the_North_PLUS2
475,WEAPON,TWOHANDSWORD,SW2H01,Two_Handed_Sword
476,WEAPON,TWOHANDSWORD,SW2H02,Two_Handed_Sword_PLUS1
477,WEAPON,TWOHANDSWORD,SW2H03,Two_Handed_Sword_Berserking
478,WEAPON,TWOHANDSWORD,SW2H05,Two_Handed_Sword_1
479,WEAPON,TWOHANDSWORD,SW2H06,Spiders_Bane
480,WEAPON,TWOHANDSWORD,SW2H07,Two_Handed_Sword_PLUS3
481,WEAPON,TWOHANDSWORD,SW2H07A,Two_Handed_Sword_PLUS3_1
482,WEAPON,TWOHANDSWORD,SW2H08,Two_Handed_sword_PLUS2
483,WEAPON,TWOHANDSWORD,SW2H09,Two_Handed_Sword_PLUS4_Warblade
484,WEAPON,TWOHANDSWORD,SW2H10,Holy_Avenger
485,WEAPON,TWOHANDSWORD,SW2H11,Two_Handed_Sword_PLUS2
486,WEAPON,TWOHANDSWORD,SW2H12,Two_Handed_Sword_Flame_of_the_North_PLUS_2
487,WEAPON,TWOHANDSWORD,SW2H13,Spiders_Bane_PLUS_2
488,WEAPON,TWOHANDSWORD,SW2H14,Lilarcor
489,WEAPON,TWOHANDSWORD,SW2H15,Silver_Sword
490,WEAPON,TWOHANDSWORD,SW2H15A,Silver_Hilt
491,WEAPON,TWOHANDSWORD,SW2H16,Sword_of_Chaos_PLUS2
492,WEAPON,TWOHANDSWORD,SW2H17,Gram_the_Sword_of_Grief_PLUS5
493,WEAPON,TWOHANDSWORD,SW2H18,Gram_the_Sword_of_Grief_PLUS5_1
494,WEAPON,TWOHANDSWORD,SW2H19,Carsomyr_PLUS6
495,WEAPON,TWOHANDSWORD,SW2H20,Two_Handed_Sword_PLUS3_2
496,WEAPON,TWOHANDSWORD,SW2H21,Psions_Blade_PLUS5
497,WEAPON,TWOHANDSWORD,SW2H99,Cursed_Berserking_Sword_PLUS3
498,WEAPON,TWOHANDSWORD,SW2HDEAT,Soul_Reaver_PLUS4
499,WEAPON,TWOHANDSWORD,SW2HD1,Rancor
500,WEAPON,TWOHANDSWORD,CARSOMYR,Carsomyr_PLUS5
501,WEAPON,TWOHANDSWORD,CATTAC1,Two_handed_Sword
502,WEAPON,TWOHANDSWORD,CDSW2H07,Harbinger_PLUS3
503,WEAPON,TWOHANDSWORD,DEMOSUM4,Two_handed_Sword_PLUS2
504,WEAPON,TWOHANDSWORD,GIANTS01,Two_handed_Sword_1
505,WEAPON,TWOHANDSWORD,GITH,Silver_Sword_1
506,WEAPON,TWOHANDSWORD,GORCAMB,Two_handed_Sword_PLUS2_1
507,WEAPON,TWOHANDSWORD,HGBER01,Two_handed_Sword_PLUS1
508,WEAPON,TWOHANDSWORD,OHBWING,Dark_Justice_PLUS5
509,WEAPON,TWOHANDSWORD,OHBWING2,Dark_Justice_PLUS5_1
510,WEAPON,TWOHANDSWORD,OHDSW2HA,Abyssal_Blade
511,WEAPON,TWOHANDSWORD,OHDSW2HB,Abyssal_Blade_1
512,WEAPON,TWOHANDSWORD,OHDSW2HC,Abyssal_Blade_2
513,WEAPON,TWOHANDSWORD,OHDSW2HD,Abyssal_Blade_3
514,WEAPON,TWOHANDSWORD,OHREAVER,Ir_revrykal_PLUS5
515,WEAPON,TWOHANDSWORD,REAVER,Unholy_Reaver
516,WEAPON,TWOHANDSWORD,SKELWASU,Two_handed_Sword_PLUS1_1
519,WEAPON,TWOHANDSWORD,TTSWORD2,Two_handed_Sword_5
520,WEAPON,TWOHANDSWORD,WAS2H,Jorils_Dagger_PLUS3
521,WEAPON,TWOHANDSWORD,BDSW2H01,Dragon_Blade_PLUS3
522,WEAPON,TWOHANDSWORD,DEVAEVIL,Silver_Sword_2
523,WEAPON,TWOHANDSWORD,HSWORD,Holy_Sword
524,WEAPON,TWOHANDSWORD,SW1H99,Sword_of_Chaos
525,WEAPON,SCIMITAR,OHHSCIM,Scimitar_PLUS1
526,WEAPON,SCIMITAR,OHRSW1H1,Hawksight_PLUS2
527,WEAPON,SCIMITAR,OHSW1H55,Scimitar_PLUS2
528,WEAPON,SCIMITAR,SW1H20,Scimitar_3
529,WEAPON,SCIMITAR,SW1H22,Scimitar_PLUS1_1
530,WEAPON,SCIMITAR,SW1H23,Rashads_Talon_PLUS2
531,WEAPON,SCIMITAR,SW1H30,Belm_PLUS2
532,WEAPON,SCIMITAR,SW1H50,Shazzellim_PLUS1
533,WEAPON,SCIMITAR,SW1H56,Scimitar_4
534,WEAPON,SCIMITAR,SW1H76,Scimitar_PLUS3
535,WEAPON,SCIMITAR,SW1H15,Scimitar_PLUS3_Frostbrand
536,WEAPON,SCIMITAR,SW1H16,Scimitar_PLUS5_Defender
537,WEAPON,SCIMITAR,SW1H52,Waters_Edge_PLUS3
538,WEAPON,SCIMITAR,SW1H68,Spectral_Brand_PLUS4
539,WEAPON,SCIMITAR,SW1H68A,Spectral_Brand_PLUS4_1
540,WEAPON,SCIMITAR,SW1H68C,Spectral_Brand_PLUS4_2
541,WEAPON,SCIMITAR,SW1H69,Spectral_Brand_PLUS5
542,WEAPON,SCIMITAR,SW1H69C,Spectral_Brand_PLUS5_1
543,WEAPON,SCIMITAR,SW1HWK,Sun_Soulbeam
544,WEAPON,SCIMITAR,DWSW1H01,Drow_Scimitar_PLUS3
545,WEAPON,WAKIZASHI,OHSW1H51,Wakizashi_PLUS2
546,WEAPON,WAKIZASHI,OHSW1H52,Wakizashi_PLUS3
547,WEAPON,WAKIZASHI,SW1H46,Wakizashi
548,WEAPON,WAKIZASHI,SW1H47,Wakizashi_PLUS1
549,WEAPON,WAKIZASHI,SW1H66,Yamato_PLUS4
550,WEAPON,WAKIZASHI,WAWAK,Kachikos_Wakizashi_PLUS3
551,WEAPON,WAKIZASHI,OHSW1H53,Ninjat_PLUS2
552,WEAPON,WAKIZASHI,OHSW1H54,Ninjat_PLUS3
553,WEAPON,WAKIZASHI,SW1H48,Ninja_To
554,WEAPON,WAKIZASHI,SW1H49,Ninja_To_PLUS1
555,WEAPON,WAKIZASHI,SW1H67,Usunos_Blade_PLUS4
556,WEAPON,WAKIZASHI,WANINJA,Scarlet_Ninja_To_PLUS3
557,WEAPON,WAKIZASHI,NPSW03,Hallowed_Redeemer_PLUS2
558,WEAPON,WAKIZASHI,RODSWORD,Flaming_Long_Sword_PLUS1
559,WEAPON,WAKIZASHI,NPSW02,Yoshimos_Katana_PLUS1
560,WEAPON,WAKIZASHI,NPSW04,Corthala_Family_Blade
561,WEAPON,WAKIZASHI,SW1H43,Katana
562,WEAPON,WAKIZASHI,SW1H44,Katana_PLUS1
563,WEAPON,WAKIZASHI,SW1H45,Malakar_PLUS2
564,WEAPON,WAKIZASHI,SW1H51,Celestial_Fury_PLUS3
565,WEAPON,WAKIZASHI,SW1H55,Katana_PLUS2
566,WEAPON,WAKIZASHI,SW1H70,Hindos_Doom_PLUS3
567,WEAPON,WAKIZASHI,SW1H71,Hindos_Doom_PLUS4
568,WEAPON,WAKIZASHI,SW1H75,Katana_PLUS3
569,WEAPON,WAKIZASHI,WA2DAK,Dak_kons_Zerth_Blade_PLUS2
570,WEAPON,CLUB,BLUN01,Club
571,WEAPON,CLUB,BLUN10,The_Root_of_the_Problem_PLUS1
572,WEAPON,CLUB,BLUN22,Blackblood_PLUS3
573,WEAPON,CLUB,BLUN23,Bone_Club_PLUS2_PLUS3_vs_undead
574,WEAPON,CLUB,BLUN24,Gnasher_PLUS2
575,WEAPON,CLUB,BLUN26,Club_of_Detonation_PLUS3
576,WEAPON,CLUB,BLUN27,Club_of_Detonation_PLUS5
577,WEAPON,CLUB,BLUN31,Club_PLUS3
578,WEAPON,CLUB,BLUN40,Chanser_Fish
579,WEAPON,CLUB,OHBBLUN1,Marduuks_Mallet_PLUS3
580,WEAPON,CLUB,OHBLUN50,Club_PLUS1
581,WEAPON,CLUB,OHBLUN51,Club_PLUS2
582,WEAPON,CLUB,SKELCLUB,Club_1
583,WEAPON,CLUB,SHILLE,Shillelagh
584,WEAPON,FLAIL,BARLFL,Flail
585,WEAPON,FLAIL,BLUN02,Flail_1
586,WEAPON,FLAIL,BLUN03,Flail_PLUS1
587,WEAPON,FLAIL,BLUN08,Flail_2
588,WEAPON,FLAIL,BLUN13,Flail_PLUS2
589,WEAPON,FLAIL,BLUN14,Flail_of_Ages_PLUS3
590,WEAPON,FLAIL,BLUN14D,Flail_of_Ages_PLUS2
591,WEAPON,FLAIL,BLUN14E,Flail_of_Ages_PLUS2_1
592,WEAPON,FLAIL,BLUN14F,Flail_of_Ages_PLUS2_2
593,WEAPON,FLAIL,BLUN14G,Flail_of_Ages
594,WEAPON,FLAIL,BLUN14H,Flail_of_Ages_1
595,WEAPON,FLAIL,BLUN14I,Flail_of_Ages_2
596,WEAPON,FLAIL,BLUN30,Flail_of_Ages_PLUS5
597,WEAPON,FLAIL,BLUN30C,Flail_of_Ages_PLUS4
598,WEAPON,FLAIL,BLUN30D,Flail_of_Ages_PLUS4_1
599,WEAPON,FLAIL,BLUN32,Flail_PLUS3
601,WEAPON,FLAIL,DWBLUN01,Drow_Flail_PLUS3
602,WEAPON,FLAIL,FLOLTH,Drow_Flail_PLUS3_1
603,WEAPON,FLAIL,GORWOM4,Drow_Flail_PLUS3_2
604,WEAPON,FLAIL,SENDAI,Drow_Flail_PLUS3_3
605,WEAPON,FLAIL,BLUN16,The_Sleeper_PLUS2
606,WEAPON,MACE,BLUN04,Mace
607,WEAPON,MACE,BLUN05,Mace_PLUS1
608,WEAPON,MACE,BLUN09,Kiels_Morningstar
609,WEAPON,MACE,BLUN11,Krotans_Skullcrusher_PLUS2
610,WEAPON,MACE,BLUN12,Mace_of_Disruption_PLUS1
611,WEAPON,MACE,BLUN18,Skullcrusher_PLUS3
612,WEAPON,MACE,BLUN19,Maulers_Arm_PLUS2
613,WEAPON,MACE,BLUN20,Ardulias_Fall_PLUS1
614,WEAPON,MACE,BLUN21,Mace_PLUS2
615,WEAPON,MACE,BLUN25,Mace_of_Disruption_PLUS2
616,WEAPON,MACE,BLUN28,Storm_Star_PLUS3
617,WEAPON,MACE,BLUN29,Storm_Star_PLUS5
618,WEAPON,MACE,BLUN33,Mace_PLUS3
619,WEAPON,MACE,ENMACE,Mace_PLUS3_ENHANCE
620,WEAPON,MACE,HLOLTH,Handmaidens_Mace
621,WEAPON,MACE,IBLUN04,Mace_1
622,WEAPON,MACE,WAMACE,Jerrods_Mace_PLUS2
623,WEAPON,MACE,RODMACE,Mace_PLUS2_1
624,WEAPON,MACE,DEVA,Mace_of_Disruption_PLUS2_1
625,WEAPON,MACE,PLYMSTAR,Morning_Star_1
626,WEAPON,MACE,BLUN34,Morning_Star_PLUS3
627,WEAPON,MACE,BLUN35,Ice_Star_PLUS4
628,WEAPON,MACE,BLUN36,Club_PLUS1
629,WEAPON,MACE,BLUN39,The_Thresher_PLUS2
630,WEAPON,MACE,BLUN41,The_Stupefier_PLUS1
631,WEAPON,MACE,OHBDEVA,Mace_of_Disruption_PLUS2_2
632,WEAPON,MACE,VAMT01,Vampiric_Touch_1
633,WEAPON,MACE,VAMT06,Vampiric_Touch_2
634,WEAPON,MACE,VAMT08,Vampiric_Touch_3
635,WEAPON,MACE,VAMT10,Vampiric_Touch_4
636,WEAPON,MACE,VAMT12,Vampiric_Touch_5
637,WEAPON,MACE,ENMORN,Morning_Star_PLUS3_ENHANCE
638,WEAPON,HAMMER,HAMM01,War_Hammer
639,WEAPON,HAMMER,HAMM02,War_Hammer_PLUS1
640,WEAPON,HAMMER,HAMM03,War_hammer_PLUS2_Ashideena
641,WEAPON,HAMMER,HAMM04,Warhammer_PLUS1PLUS4_vs_giant_humanoids
642,WEAPON,HAMMER,HAMM05,War_Hammer_PLUS2
643,WEAPON,HAMMER,HAMM06,Dwarven_Thrower_PLUS3
644,WEAPON,HAMMER,HAMM07,Dwarven_Warhammer_of_Thunderbolts_PLUS3
645,WEAPON,HAMMER,HAMM08,War_Hammer_PLUS2_1
646,WEAPON,HAMMER,HAMM09,Crom_Faeyr
647,WEAPON,HAMMER,HAMM10,Runehammer_PLUS4
648,WEAPON,HAMMER,HAMM11,Runehammer_PLUS5
649,WEAPON,HAMMER,HAMM12,War_Hammer_PLUS3
650,WEAPON,HAMMER,HAMM13,Hammer_of_Dawn_PLUS1
651,WEAPON,HAMMER,AEGIS,Aegis_fang_PLUS3
652,WEAPON,HAMMER,AEGIS2,Aegis_fang_PLUS3_1
653,WEAPON,HAMMER,OHNHAMM1,The_Brick_PLUS2
654,WEAPON,HAMMER,IHAMM01,War_Hammer_1
655,WEAPON,HAMMER,BDHAMM02,Void_Hammer_PLUS3
656,WEAPON,HAMMER,GIAFIR,Ashideena_PLUS2
657,WEAPON,HAMMER,SHAMMR,Spiritual_Hammer
658,WEAPON,HAMMER,SHAMMR2,Spiritual_Hammer_1
659,WEAPON,HAMMER,SHAMMR3,Spiritual_Hammer_2
660,WEAPON,COMPOSITEBOW,BOW01,Composite_Long_Bow
661,WEAPON,COMPOSITEBOW,BOW02,Composite_Long_Bow_PLUS1
662,WEAPON,COMPOSITEBOW,BOW09,Ripper_PLUS2
663,WEAPON,COMPOSITEBOW,BOW10,Heartseeker_PLUS3
664,WEAPON,COMPOSITEBOW,BOW11,Strong_Arm_PLUS2
665,WEAPON,COMPOSITEBOW,BOW16,Composite_Long_Bow_PLUS2
666,WEAPON,COMPOSITEBOW,BOW24,Composite_Long_Bow_PLUS3
667,WEAPON,COMPOSITEBOW,BOW98,Composite_Longbow_1
668,WEAPON,LONGBOW,BOW03,Long_Bow
669,WEAPON,LONGBOW,BOW04,Long_Bow_PLUS1
670,WEAPON,LONGBOW,BOW07,Long_Bow_of_Marksmanship
671,WEAPON,LONGBOW,BOW12,Elven_Court_Bow_PLUS3
672,WEAPON,LONGBOW,BOW13,Mana_Bow_PLUS4
673,WEAPON,LONGBOW,BOW17,Long_Bow_PLUS2
674,WEAPON,LONGBOW,BOW22,Taralash_PLUS4
675,WEAPON,LONGBOW,BOW23,Taralash_PLUS5
676,WEAPON,LONGBOW,BOW25,Long_Bow_PLUS3
677,WEAPON,LONGBOW,GORWOM2,Elven_Court_Bow_PLUS3_1
678,WEAPON,LONGBOW,IBOW03,Longbow_2
679,WEAPON,LONGBOW,NPBOW,Bow_of_Arvoreen
680,WEAPON,SHORTBOW,BOW05,Short_Bow
681,WEAPON,SHORTBOW,BOW06,Short_Bow_PLUS1
682,WEAPON,SHORTBOW,BOW08,Eagle_Bow
683,WEAPON,SHORTBOW,BOW14,Tuigan_Short_Bow_PLUS1
684,WEAPON,SHORTBOW,BOW15,Tansherons_Short_Bow_PLUS3
685,WEAPON,SHORTBOW,BOW18,Short_Bow_PLUS2
686,WEAPON,SHORTBOW,BOW19,Short_Bow_of_Gesen
687,WEAPON,SHORTBOW,BOW19A,Gesen_Bow_Shaft
688,WEAPON,SHORTBOW,BOW19B,Gesen_Bow_String
689,WEAPON,SHORTBOW,BOW20,Darkfire_Bow_PLUS4
690,WEAPON,SHORTBOW,BOW21,Darkfire_Bow_PLUS5
691,WEAPON,SHORTBOW,BOW26,Short_Bow_PLUS3
692,WEAPON,SHORTBOW,BOW99,Protector_of_the_Dryads_PLUS2_1
693,WEAPON,SHORTBOW,COMPB05,Shortbow_1
694,WEAPON,SHORTBOW,COMPB06,Shortbow_PLUS1_1
695,WEAPON,SHORTBOW,COMPB08,Protector_of_the_Dryads_PLUS2_2
696,WEAPON,SHORTBOW,COMPB14,Tuigan_Bow_PLUS1_1
697,WEAPON,SHORTBOW,COMPB15,Tansherons_Bow_PLUS3_2
698,WEAPON,SHORTBOW,COMPB18,Shortbow_PLUS2_1
699,WEAPON,SHORTBOW,COMPB19,Shortbow_of_Gesen_1
700,WEAPON,SHORTBOW,COMPB20,Darkfire_Bow_PLUS4_1
701,WEAPON,SHORTBOW,COMPB21,Darkfire_Bow_PLUS5_1
702,WEAPON,SHORTBOW,COMPB26,Shortbow_PLUS3_1
703,WEAPON,SHORTBOW,GODBOW,Shortbow_2
705,WEAPON,SHORTBOW,CATTIBOW,Tansherons_Bow_PLUS3_1
706,WEAPON,LIGHTCROSSBOW,XBOW04,Light_Crossbow
707,WEAPON,LIGHTCROSSBOW,XBOW05,Light_Crossbow_PLUS1
708,WEAPON,LIGHTCROSSBOW,XBOW06,Light_Crossbow_of_Speed
709,WEAPON,LIGHTCROSSBOW,XBOW09,Light_Crossbow_PLUS2
710,WEAPON,LIGHTCROSSBOW,XBOW10,Necaradans_Crossbow_PLUS3
711,WEAPON,LIGHTCROSSBOW,XBOW12,Flasher_Launcher
712,WEAPON,LIGHTCROSSBOW,XBOW13,Crossbow_of_Affliction_PLUS4
713,WEAPON,LIGHTCROSSBOW,XBOW15,Firetooth_PLUS4
714,WEAPON,LIGHTCROSSBOW,XBOW16,Firetooth_PLUS5
715,WEAPON,LIGHTCROSSBOW,XBOW18,Light_Crossbow_PLUS3
716,WEAPON,LIGHTCROSSBOW,DWXBOW01,Drow_Crossbow_of_Speed
717,WEAPON,HEAVYCROSSBOW,XBOW01,Heavy_Crossbow
718,WEAPON,HEAVYCROSSBOW,XBOW02,Heavy_Crossbow_PLUS1
719,WEAPON,HEAVYCROSSBOW,XBOW03,Heavy_Crossbow_of_Accuracy
720,WEAPON,HEAVYCROSSBOW,XBOW07,Heavy_Crossbow_PLUS2
721,WEAPON,HEAVYCROSSBOW,XBOW08,Giant_Hair_Crossbow_PLUS3
722,WEAPON,HEAVYCROSSBOW,XBOW14,Heavy_Crossbow_of_Searing_PLUS1
723,WEAPON,HEAVYCROSSBOW,XBOW17,Heavy_Crossbow_PLUS3
724,WEAPON,HEAVYCROSSBOW,SECRET01,Big_Metal_Rod
725,WEAPON,HEAVYCROSSBOW,KUOBOW,Heavy_Crossbow_1
726,WEAPON,HEAVYCROSSBOW,MDK2GUN,Big_Gun
727,WEAPON,SLING,SLNG01,Sling
728,WEAPON,SLING,SLNG02,Sling_PLUS1
729,WEAPON,SLING,SLNG03,Sling_Dragonbane_PLUS3
730,WEAPON,SLING,SLNG04,Sling_PLUS2
731,WEAPON,SLING,SLNG05,Sling_PLUS3_Arlas_Dragonbane
732,WEAPON,SLING,SLNG06,Sling_of_Arvoreen_PLUS4
733,WEAPON,SLING,SLNG07,Sling_of_Seeking_PLUS2
734,WEAPON,SLING,SLNG08,Erinne_Sling_PLUS4
735,WEAPON,SLING,SLNG09,Erinne_Sling_PLUS5
736,WEAPON,SLING,SLNG10,Sling_PLUS3_1
737,WEAPON,SLING,SLNG11,Sling_of_UNERRING_ACCURACY
738,WEAPON,SLING,OHNSLNG1,Wild_Sling_PLUS1
739,WEAPON,SLING,OHRSLNG1,Lupine_Sling_PLUS2
740,WEAPON,SLING,WASLING,Sling_of_Everard_PLUS5
741,ARMOR,FULLPLATE,PLAT01,Plate_Mail_Armor
742,ARMOR,FULLPLATE,PLAT02,Plate_Mail_PLUS1
743,ARMOR,FULLPLATE,PLAT04,Full_Plate_Mail
744,ARMOR,FULLPLATE,PLAT05,Plate_of_the_Dark_PLUS1
745,ARMOR,FULLPLATE,PLAT06,Ankheg_Plate_Mail
746,ARMOR,FULLPLATE,PLAT07,Plate_Mail
747,ARMOR,FULLPLATE,PLAT08,Practical_Defense
748,ARMOR,FULLPLATE,PLAT09,Mithral_Field_Plate_Armor_PLUS2
749,ARMOR,FULLPLATE,PLAT10,Plate_Mail_PLUS1_1
750,ARMOR,FULLPLATE,PLAT11,Delvers_Plate_PLUS2
751,ARMOR,FULLPLATE,PLAT12,Doomplate_PLUS3
752,ARMOR,FULLPLATE,PLAT13,Gorgon_Plate_PLUS4
753,ARMOR,FULLPLATE,PLAT14,Full_Plate_Mail_PLUS1_1
754,ARMOR,FULLPLATE,PLAT15,Pride_of_the_Legion_PLUS2
755,ARMOR,FULLPLATE,PLAT16,Armor_of_the_Hart_PLUS3
756,ARMOR,FULLPLATE,PLAT17,Trahcies_Plate_PLUS5
757,ARMOR,FULLPLATE,PLAT18,Red_Dragon_Scale
758,ARMOR,FULLPLATE,PLAT19,Full_Plate_PLUS_2
759,ARMOR,FULLPLATE,PLAT20,Blue_Dragon_Plate
760,ARMOR,FULLPLATE,PLAT21,Enkidus_Full_Plate_PLUS3
761,ARMOR,FULLPLATE,PLAT22,Shuruppaks_Plate
762,ARMOR,FULLPLATE,PLAT23,Full_Plate_Mail_PLUS2
763,ARMOR,FULLPLATE,PLAT24,The_Magma_Bulwark_PLUS2
764,ARMOR,FULLPLATE,NPPLAT,Firecam_FullPlate_Armor
765,ARMOR,FULLPLATE,WA2PLAT,Plate_of_Balduran
766,ARMOR,FULLPLATE,BRUENPLA,Mithral_Field_Plate_PLUS2
767,ARMOR,FULLPLATE,CHALARM,Pride_of_the_Legion_PLUS2_2
768,ARMOR,FULLPLATE,DWPLAT01,Drow_Full_Plate_PLUS5
770,ARMOR,FULLPLATE,PALPLAT,Armor_of_the_Hart_PLUS3_2
771,ARMOR,FULLPLATE,VISPLAT2,Mithral_Field_Plate_PLUS2_2
772,ARMOR,FULLPLATE,SECRET05,Big_Metal_Unit
773,ARMOR,FULLPLATE,NPARM,Jansen_AdventureWear
774,ARMOR,FULLPLATE,NPCHAN,Corthala_Family_Armor
775,ARMOR,FULLPLATE,OHDARMOR,Silver_Dragon_Scale
776,ARMOR,FULLPLATE,IPLAT01,Plate_Mail_1
777,ARMOR,FULLPLATE,MISC99,Plate_Mail_2
778,ARMOR,FULLPLATE,OHPLAT50,Plate_Mail_PLUS2
779,ARMOR,FULLPLATE,PLAT98,Plate_Mail_5
780,ARMOR,FULLPLATE,PLAT99,Plate_Mail_6
781,ARMOR,FULLPLATE,VISPLAT1,Plate_Mail_7
782,ARMOR,CHAINMAIL,CHAN01,Chainmail
783,ARMOR,CHAINMAIL,CHAN02,Chainmail_PLUS1
784,ARMOR,CHAINMAIL,CHAN03,Chainmail_PLUS2
785,ARMOR,CHAINMAIL,CHAN04,Splint_Mail
786,ARMOR,CHAINMAIL,CHAN05,Splint_Mail_PLUS1
787,ARMOR,CHAINMAIL,CHAN06,Mithril_Chain_Mail_PLUS4
788,ARMOR,CHAINMAIL,CHAN07,Chain_Mail_PLUS3
789,ARMOR,CHAINMAIL,CHAN08,Chain_Mail_PLUS2
790,ARMOR,CHAINMAIL,CHAN09,Darkmail_PLUS3
791,ARMOR,CHAINMAIL,CHAN10,Jesters_Chain_PLUS4
792,ARMOR,CHAINMAIL,CHAN11,Crimson_Chain_PLUS5
793,ARMOR,CHAINMAIL,CHAN12,Elven_Chain_Mail
794,ARMOR,CHAINMAIL,CHAN13,Elven_Chain_PLUS1
795,ARMOR,CHAINMAIL,CHAN14,Sylvan_Chain_PLUS2
796,ARMOR,CHAINMAIL,CHAN15,Melodic_Chain_PLUS3
797,ARMOR,CHAINMAIL,CHAN16,Bladesinger_Chain_PLUS4
798,ARMOR,CHAINMAIL,CHAN17,Ashen_Scales_PLUS2
799,ARMOR,CHAINMAIL,CHAN18,Armor_of_Faith_PLUS3
800,ARMOR,CHAINMAIL,CHAN19,Aslyferund_Elven_Chain_PLUS5
801,ARMOR,CHAINMAIL,CHAN20,White_Dragon_Scale
802,ARMOR,CHAINMAIL,CHAN21,Chain_Mail_PLUS3_1
804,ARMOR,CHAINMAIL,SHARARM,Darkmail_PLUS3_1
805,ARMOR,CHAINMAIL,TAMCHAIN,Darkmail_PLUS3_2
806,ARMOR,CHAINMAIL,ICHAN01,Chain_Mail_Armor_1
807,ARMOR,CHAINMAIL,VISCHAN1,Chain_Mail_Armor_2
808,ARMOR,CHAINMAIL,ICHAN04,Splint_Mail_1
809,ARMOR,CHAINMAIL,OHCHAN50,Splint_Mail_PLUS2
810,ARMOR,CHAINMAIL,VISCHAN2,Splint_Mail_2
817,ARMOR,ELVENCHAIN,CLOLTH,Dark_Elven_Chain
818,ARMOR,ELVENCHAIN,DWCHAN01,Drow_Elven_Chain_PLUS3
819,ARMOR,ELVENCHAIN,DWCHAN02,Drow_Adamantine_Chain_PLUS5
821,ARMOR,LEATHERARMOR,LEAT01,Leather_Armor
822,ARMOR,LEATHERARMOR,LEAT02,Leather_Armor_PLUS1
823,ARMOR,LEATHERARMOR,LEAT03,Leather_Armor_PLUS2
824,ARMOR,LEATHERARMOR,LEAT04,Studded_Leather_Armor
825,ARMOR,LEATHERARMOR,LEAT05,Studded_Leather_Armor_PLUS1
826,ARMOR,LEATHERARMOR,LEAT06,Studded_Leather_Armor_PLUS2_missile_attraction
827,ARMOR,LEATHERARMOR,LEAT07,Studded_Leather_Armor_PLUS2
828,ARMOR,LEATHERARMOR,LEAT08,Shadow_Armor
829,ARMOR,LEATHERARMOR,LEAT09,Leather_Armor_PLUS3
830,ARMOR,LEATHERARMOR,LEAT10,Hide_Armor
831,ARMOR,LEATHERARMOR,LEAT11,Leather_Armor_PLUS2_1
832,ARMOR,LEATHERARMOR,LEAT12,Leather_Armor_PLUS3_1
833,ARMOR,LEATHERARMOR,LEAT13,Skin_of_the_Ghoul_PLUS4
834,ARMOR,LEATHERARMOR,LEAT14,The_Nights_Gift_PLUS5
835,ARMOR,LEATHERARMOR,LEAT15,Studded_Leather_Armor_PLUS2_1
836,ARMOR,LEATHERARMOR,LEAT16,Orc_Leather_PLUS3
837,ARMOR,LEATHERARMOR,LEAT17,Armor_of_Deep_Night_PLUS4
838,ARMOR,LEATHERARMOR,LEAT18,Armor_of_the_Viper_PLUS5
839,ARMOR,LEATHERARMOR,LEAT19,Shadow_Dragon_Scale
840,ARMOR,LEATHERARMOR,LEAT20,Aegers_Hide_PLUS3
841,ARMOR,LEATHERARMOR,LEAT21,Human_Flesh_PLUS5
842,ARMOR,LEATHERARMOR,LEAT22,Human_Flesh
843,ARMOR,LEATHERARMOR,LEAT23,Studded_Leather_of_Thorns_PLUS6
844,ARMOR,LEATHERARMOR,LEAT24,Grandmasters_Armor_PLUS6
845,ARMOR,LEATHERARMOR,LEAT25,Rugged_Leathers_PLUS2
846,ARMOR,LEATHERARMOR,TTLEAT,Leather_Armor_PLUS1_1
847,ARMOR,LEATHERARMOR,VISLEAT1,Leather_Armor_1
848,ARMOR,LEATHERARMOR,DLEAT10,Hide_Armor_1
849,ARMOR,LEATHERARMOR,OHLEAT50,Hide_Armor_PLUS1
850,ARMOR,LEATHERARMOR,OHLEAT51,Hide_Armor_PLUS2
851,ARMOR,LEATHERARMOR,OHLEAT52,Hide_Armor_PLUS3
852,ARMOR,STUDDEDLEATHER,ILEAT04,Studded_Leather_Armor
865,ARMOR,STUDDEDLEATHER,OHLEAT53,Studded_Leather_Armor_PLUS3
866,ARMOR,STUDDEDLEATHER,VISLEAT2,Studded_Leather_Armor_2
867,ARMOR,STUDDEDLEATHER,OHDSCALE,Shadow_Dragon_Scale_2
868,CLOAK,CLOAK,CLCK01,Cloak_of_Protection_PLUS1
869,CLOAK,CLOAK,CLCK02,Cloak_of_Protection_PLUS2
870,CLOAK,CLOAK,CLCK03,Cloak_of_Displacement
871,CLOAK,CLOAK,CLCK04,Cloak_of_the_Wolf
872,CLOAK,CLOAK,CLCK05,Cloak_of_Balduran
873,CLOAK,CLOAK,CLCK06,Cloak_of_NonDetection
874,CLOAK,CLOAK,CLCK07,Nymph_Cloak
875,CLOAK,CLOAK,CLCK08,Algernons_Cloak
876,CLOAK,CLOAK,CLCK20,Cloak_of_the_Shield
877,CLOAK,CLOAK,CLCK21,Holy_cloak
878,CLOAK,CLOAK,CLCK22,Shandalars_cloak
879,CLOAK,CLOAK,CLCK23,Cloak_of_Elvenkind
880,CLOAK,CLOAK,CLCK24,Cloak_of_Reflection
881,CLOAK,CLOAK,CLCK25,Cloak_of_the_Stars
882,CLOAK,CLOAK,CLCK26,Cloak_of_Mirroring
883,CLOAK,CLOAK,CLCK27,Cloak_of_the_Sewers
884,CLOAK,CLOAK,CLCK28,Shadow_Thief_Cloak
885,CLOAK,CLOAK,CLCK30,Cloak_of_Bravery
886,CLOAK,CLOAK,CLCK31,Improved_Cloak_of_Protection_PLUS2
887,CLOAK,CLOAK,CLCK32,Montolios_Cloak
888,CLOAK,CLOAK,NPCLCK,Cloak_of_the_High_Forest
889,CLOAK,CLOAK,COMPON16,Montolios_Cloak_1
890,CLOAK,CLOAK,OHBCLCK1,Cloak_of_the_Lich
891,CLOAK,CLOAK,OHHCLOAK,Cloak_of_Dragomir
892,CLOAK,CLOAK,OHHKORK,Korkorrans_Cowl
893,CLOAK,CLOAK,OHRCLCK1,Cowl_of_the_Stars
894,CLOAK,CLOAK,OHRCLCK2,Cloak_of_Unerring_Strikes
895,CLOAK,CLOAK,OHRCLCK3,Cloak_of_Atonement
896,CLOAK,CLOAK,OHRCLCK4,Cloak_of_the_Dark_Moon
897,CLOAK,CLOAK,DWCLCK01,Drow_Piwafwi_Cloak
898,CLOAK,CLOAK,MISC9W,Drow_Piwafwi_Cloak_1
899,ARMOR,ROBE,CLCK09,Mage_Robe_of_Cold_Resistance
900,ARMOR,ROBE,CLCK10,Mage_Robe_of_Fire_Resistance
901,ARMOR,ROBE,CLCK11,Mage_Robe_of_Electrical_Resistance
902,ARMOR,ROBE,CLCK12,Knaves_Robe
903,ARMOR,ROBE,CLCK13,Travellers_Robe
904,ARMOR,ROBE,CLCK14,Adventurers_Robe
905,ARMOR,ROBE,CLCK15,Robe_of_the_Good_Archmagi
906,ARMOR,ROBE,CLCK16,Robe_of_the_Neutral_Archmagi
907,ARMOR,ROBE,CLCK17,Robe_of_the_Evil_Archmagi
908,ARMOR,ROBE,CLCK18,Knaves_Robe_1
909,ARMOR,ROBE,CLCK19,Robe_of_the_Good_Archmagi_1
910,ARMOR,ROBE,CLCK29,Robe_of_the_Apprenti
912,ARMOR,ROBE,WA2ROBE,Robe_of_Vecna
913,ARMOR,ROBE,HGWRA02,Robe_of_the_Good_Archmagi_2
914,ARMOR,ROBE,OHNROBE1,Robe_of_Goodman_Hayes
915,ARMOR,ROBE,OHNROBE2,Robe_of_Invocation
916,ARMOR,ROBE,OHNROBE3,Tunic_of_Blindeye
917,ARMOR,ROBE,VISCLCK1,Mage_Robe
918,ARMOR,ROBE,VISCLCK2,Mage_Robe_1
919,ARMOR,ROBE,VISCLCK3,Mage_Robe_2
920,ARMOR,ROBE,VISCLCK4,Mage_Robe_3
921,ARMOR,ROBE,VISCLCK5,Mage_Robe_4
922,ARMOR,ROBE,XZARCLCK,Robe_of_the_Evil_Archmagi_1
923,ARMOR,ROBE,OHBNOSHU,Noser_Uniform
924,ARMOR,ROBE,BDROBE05,Robe_of_Red_Flames
925,SHIELD,BUCKLER,OHSHLD50,Buckler_PLUS2
926,SHIELD,BUCKLER,OHSHLD51,Buckler_PLUS3
927,SHIELD,BUCKLER,SHLD08,Buckler
928,SHIELD,BUCKLER,SHLD08A,Buckler_1
929,SHIELD,BUCKLER,SHLD08P,Tarloc_Contingency_PLUS1
930,SHIELD,BUCKLER,SHLD09,Buckler_2
931,SHIELD,BUCKLER,SHLD09A,Buckler_3
932,SHIELD,BUCKLER,SHLD09P,Shield_of_Devotion
933,SHIELD,BUCKLER,SHLD10,Buckler_4
934,SHIELD,BUCKLER,SHLD10A,Buckler_5
935,SHIELD,BUCKLER,SHLD17,Buckler_PLUS1
936,SHIELD,BUCKLER,SHLD17A,Buckler_PLUS1_1
937,SHIELD,BUCKLER,SHLD20,Kiels_Buckler
938,SHIELD,BUCKLER,SKELSHLD,Buckler_PLUS1_2
939,SHIELD,BUCKLER,BDSHLD01,Buckler_of_Fist
940,SHIELD,SMALLSHIELD,DSHLD01,Small_Shield
941,SHIELD,SMALLSHIELD,ISHLD02,Small_Shield_PLUS1
942,SHIELD,SMALLSHIELD,SHLD01,Small_Shield_1
943,SHIELD,SMALLSHIELD,SHLD01A,Small_Shield_2
944,SHIELD,SMALLSHIELD,SHLD02,Small_Shield_PLUS1_1
945,SHIELD,SMALLSHIELD,SHLD02A,Small_Shield_PLUS1_2
946,SHIELD,SMALLSHIELD,SHLD11,Small_Shield_3
947,SHIELD,SMALLSHIELD,SHLD11A,Small_Shield_4
948,SHIELD,SMALLSHIELD,SHLD12,Small_Shield_5
949,SHIELD,SMALLSHIELD,SHLD12A,Small_Shield_6
950,SHIELD,SMALLSHIELD,SHLD24,Reflection_Shield_PLUS1
951,SHIELD,SMALLSHIELD,SHLD24A,Reflection_Shield_PLUS1_1
952,SHIELD,SMALLSHIELD,SHLD25,Shield_of_Harmony_PLUS2
953,SHIELD,SMALLSHIELD,SHLD28,Small_Shield_PLUS2
954,SHIELD,SMALLSHIELD,SHLD28A,Small_Shield_PLUS2_1
955,SHIELD,SMALLSHIELD,SHLD99,Small_Shield_7
956,SHIELD,MEDIUMSHIELD,CHALSHLD,Sentinel_PLUS4
957,SHIELD,MEDIUMSHIELD,ISHLD03,Medium_Shield
958,SHIELD,MEDIUMSHIELD,NPSHLD,Delryn_Family_Shield
959,SHIELD,MEDIUMSHIELD,OHBSHLD1,Kazrahs_Shield_PLUS4
960,SHIELD,MEDIUMSHIELD,OHNSHLD1,Shield_of_Fyrus_Khal_PLUS2
961,SHIELD,MEDIUMSHIELD,SHLD03,Medium_Shield_1
962,SHIELD,MEDIUMSHIELD,SHLD03A,Medium_Shield_2
963,SHIELD,MEDIUMSHIELD,SHLD04,Medium_Shield_PLUS1
964,SHIELD,MEDIUMSHIELD,SHLD04A,Medium_Shield_PLUS1_1
965,SHIELD,MEDIUMSHIELD,SHLD04P,Medium_Shield_3
966,SHIELD,MEDIUMSHIELD,SHLD13,Medium_Shield_4
967,SHIELD,MEDIUMSHIELD,SHLD13A,Medium_Shield_5
968,SHIELD,MEDIUMSHIELD,SHLD14,Medium_Shield_6
969,SHIELD,MEDIUMSHIELD,SHLD14A,Medium_Shield_7
970,SHIELD,MEDIUMSHIELD,SHLD21,Dragon_Scale_Shield_PLUS2
971,SHIELD,MEDIUMSHIELD,SHLD22,Sentinel_PLUS4_1
972,SHIELD,MEDIUMSHIELD,SHLD26,Shield_of_the_Lost_PLUS2
973,SHIELD,MEDIUMSHIELD,SHLD26A,Shield_of_the_Lost_PLUS2_1
974,SHIELD,MEDIUMSHIELD,SHLD27,Saving_Grace_PLUS3
975,SHIELD,MEDIUMSHIELD,SHLD27A,Saving_Grace_PLUS3_1
976,SHIELD,MEDIUMSHIELD,SHLD29,Medium_Shield_PLUS2
977,SHIELD,MEDIUMSHIELD,SHLD29A,Medium_Shield_PLUS2_1
978,SHIELD,MEDIUMSHIELD,SHLD32,Shield_of_the_Order_PLUS4
979,SHIELD,MEDIUMSHIELD,TTSHLD01,Medium_Shield_PLUS1_2
980,SHIELD,MEDIUMSHIELD,WA2SHIEL,Shield_of_Balduran
981,SHIELD,MEDIUMSHIELD,DWSHLD01,Drow_Shield_PLUS3
982,SHIELD,LARGESHIELD,SHLD19,Pellans_Shield_PLUS2
983,SHIELD,LARGESHIELD,SHLD19A,Pellans_Shield_PLUS2_1
984,SHIELD,LARGESHIELD,SHLD05,Large_Shield
985,SHIELD,LARGESHIELD,SHLD05A,Large_Shield_1
986,SHIELD,LARGESHIELD,SHLD05P,Corvyr_Blessing
987,SHIELD,LARGESHIELD,SHLD06,Large_Shield_PLUS1
988,SHIELD,LARGESHIELD,SHLD06A,Large_Shield_PLUS1_1
989,SHIELD,LARGESHIELD,SHLD06P,Redshield_PLUS1
990,SHIELD,LARGESHIELD,SHLD07,Shield_of_the_Falling_Stars_PLUS1
991,SHIELD,LARGESHIELD,SHLD07A,Shield_of_the_Falling_Stars_PLUS1_1
992,SHIELD,LARGESHIELD,SHLD07P,Sartessa_Vengeance
993,SHIELD,LARGESHIELD,SHLD15,Large_Shield_2
994,SHIELD,LARGESHIELD,SHLD15A,Large_Shield_3
995,SHIELD,LARGESHIELD,SHLD16,Large_Shield_4
996,SHIELD,LARGESHIELD,SHLD16A,Large_Shield_5
997,SHIELD,LARGESHIELD,SHLD18,Large_Shield_6
998,SHIELD,LARGESHIELD,SHLD23,Fortress_Shield_PLUS3
999,SHIELD,LARGESHIELD,SHLD23A,Fortress_Shield_PLUS3_1
1000,SHIELD,LARGESHIELD,SHLD30,Large_Shield_PLUS2
1001,SHIELD,LARGESHIELD,SHLD30A,Large_Shield_PLUS2_1
1002,SHIELD,LARGESHIELD,SHLD31,Darksteel_Shield_PLUS4
1003,SHIELD,LARGESHIELD,SHLD31A,GORM_Arm
1004,WEAPON,ROD,RODS01,Rod_of_Absorption
1005,WEAPON,ROD,RODS02,Rod_of_Lordly_Might
1006,WEAPON,ROD,RODS02A,Rod_of_Lordly_Might_1
1007,WEAPON,ROD,RODS03,Rod_of_Resurrection
1008,WEAPON,ROD,RODS04,Rod_of_Smiting
1009,WEAPON,ROD,RODS05,Rod_of_Terror
1010,WEAPON,ROD,RODS06,Rod_of_Reversal
1011,WEAPON,ROD,OHDROD,Rod_of_Shadowstep
1012,WEAPON,ROD,PLOT02A,Scepter_of_Radiance
1013,WEAPON,ROD,PLOT02B,Scepter_of_Radiance_1
1014,WEAPON,ROD,PLOT03A,Air_Scepter
1015,WEAPON,ROD,PLOT03B,Fire_Scepter
1016,WEAPON,ROD,PLOT03C,Slime_Scepter
1017,WEAPON,ROD,PLOT03D,Ice_Scepter
1018,WEAPON,ROD,PLOT04I,Illithid_Rod_2
1019,WEAPON,ROD,OHHCLAW,The_Claw_of_the_Black_Leopard
1020,WEAPON,ROD,OHHROD,Iron_Rod
1021,MISC,WAND,WAND02,Wand_of_Fear
1022,MISC,WAND,WAND03,Wand_of_Magic_Missiles
1023,MISC,WAND,WAND04,Wand_of_Paralyzation
1024,MISC,WAND,WAND05,Wand_of_Fire
1025,MISC,WAND,WAND06,Wand_of_Frost
1026,MISC,WAND,WAND07,Wand_of_Lightning_1
1027,MISC,WAND,WAND08,Wand_of_Sleep
1028,MISC,WAND,WAND09,Wand_of_Polymorphing
1029,MISC,WAND,WAND10,Wand_of_Monster_Summoning
1030,MISC,WAND,WAND11,Wand_of_the_Heavens
1031,MISC,WAND,WAND12,Wand_of_Wonder
1032,MISC,WAND,WAND13,Wand_of_Cloudkill
1033,MISC,WAND,WAND14,Web_Sack
1034,MISC,WAND,WAND15,Wand_of_Apprenti
1035,MISC,WAND,WAND16,Potion_of_Icedust
1036,MISC,WAND,WAND18,Wand_of_Spell_Striking
1037,MISC,WAND,WAND19,Wand_of_Cursing
1038,MISC,WAND,MISC7N,Wand_of_Lightning
1039,MISC,WAND,OHBREW03,Faulty_Wand_of_Mazes
1040,MISC,WAND,OHDWAND1,Wand_of_Glitterdust
1041,MISC,WAND,OHNWAND1,Wand_of_Whips
1042,MISC,WAND,TTWAND,Wand_of_the_Heavens_1
1043,AMMO,ARROW,AROW01,Arrow
1044,AMMO,ARROW,AROW02,Arrow_PLUS1
1045,AMMO,ARROW,AROW03,Arrow_of_Slaying
1046,AMMO,ARROW,AROW04,Acid_Arrow
1047,AMMO,ARROW,AROW05,Arrow_of_Biting
1048,AMMO,ARROW,AROW06,Arrow_of_Detonation
1049,AMMO,ARROW,AROW07,Arrow_or_Dispelling
1050,AMMO,ARROW,AROW08,Arrow_of_Fire
1051,AMMO,ARROW,AROW09,Arrow_of_Ice
1052,AMMO,ARROW,AROW10,Arrow_of_Piercing
1053,AMMO,ARROW,AROW11,Arrow_PLUS2
1054,AMMO,ARROW,AROW12,Arrow_of_Biting_1
1055,AMMO,ARROW,AROW1A,Arrow_PLUS2_1
1056,AMMO,ARROW,AROW14,Poisoned_Arrow
1057,AMMO,ARROW,AROW15,Arrow_PLUS3
1058,AMMO,ARROW,AROW16,Arrow_of_Ice_1
1059,AMMO,ARROW,ANGAROW,Arrow_of_Fire_2
1060,AMMO,ARROW,AROWKC,Arrow_of_Fire_3
1061,AMMO,ARROW,ARROPHE2,Arrow_of_Fire_4
1062,AMMO,ARROW,IAROW01,Arrow_1
1063,AMMO,ARROW,OHAROW50,Arrow_PLUS4
1064,AMMO,BOLT,BOLT01,Bolt
1065,AMMO,BOLT,BOLT02,Bolt_PLUS1
1066,AMMO,BOLT,BOLT03,Bolt_of_Lightning
1067,AMMO,BOLT,BOLT04,Bolt_of_Biting
1068,AMMO,BOLT,BOLT05,Bolt_of_Polymorphing
1069,AMMO,BOLT,BOLT06,Bolt_PLUS2
1070,AMMO,BOLT,BOLT07,Flasher_Master_Bruiser_Mate
1071,AMMO,BOLT,BOLT08,Blessed_Bolt
1072,AMMO,BOLT,BOLT09,Bolt_PLUS3
1073,AMMO,BOLT,SECRET02,Pulse_Ammunition
1074,AMMO,BOLT,OHBOLT50,Bolt_PLUS4
1075,AMMO,BOLT,DWBOLT01,Drow_Bolt_of_Sleep
1076,AMMO,BOLT,DWBOLT02,Drow_Bolt_of_Stunning
1077,AMMO,BOLT,DWBOLT03,Drow_Bolt_PLUS1
1078,AMMO,BOLT,KUOBOLT,Kuo_toan_Bolt
1079,AMMO,BOLT,KUOBOLT2,Kuo_toan_Bolt_1
1080,AMMO,BOLT,KUOBOLT3,Kuo_toan_Bolt_2
1081,AMMO,BOLT,SAHBOLT,Paralytic_Bolt
1082,AMMO,BOLT,FRAG01,Frag_Grenade
1083,AMMO,BOLT,FRAGSAP,Fragmentation_Skull
1084,AMMO,BOLT,FROSTY,Dr_Freeze_Death_Ray
1085,AMMO,BOLT,LASER,Laser
1086,AMMO,BOLT,LIGHT,Wand_of_Magic_Missiles
1087,AMMO,BOLT,PULS01,Wand_of_Magic_Missiles_1
1088,AMMO,BOLT,PULS02,Wand_of_Magic_Missiles_2
1089,AMMO,BOLT,SECRET03,Frag_Grenade_1
1090,AMMO,BOLT,SECRET04,Scorcher_Ammunition
1091,AMMO,BOLT,FLAM01,Flamethrower
1092,AMMO,BULLET,BULL01,Bullet
1093,AMMO,BULLET,BULL02,Bullet_PLUS1
1094,AMMO,BULLET,BULL03,Bullet_PLUS2
1095,AMMO,BULLET,BULL04,Sunstone_Bullet_PLUS1
1096,AMMO,BULLET,BULL05,Bullet_PLUS3
1097,AMMO,BULLET,BULL06,Bullet_PLUS4
1098,AMMO,BULLET,MDK2BULL,Bullet_2
1099,AMMO,DART,DART01,Dart
1100,AMMO,DART,DART02,Dart_PLUS1
1101,AMMO,DART,DART03,Dart_of_Stunning
1102,AMMO,DART,DART04,Dart_of_Wounding
1103,AMMO,DART,DART05,Asps_Nest
1104,AMMO,DART,DART06,Giant_Rock
1105,AMMO,DART,DART08,Crimson_Dart_PLUS3
1106,AMMO,DART,STARDART,Darts_PLUS5
1107,AMMO,DART,DARTMEL,Bone_Dagger
1108,AMMO,DART,IDART01,Dart_1
1109,AMMO,DART,OHDART50,Dart_PLUS2
1110,AMMO,DART,OHDART51,Dart_PLUS3
1111,AMMO,DART,MELFMET,Melfs_Minute_Meteor
1112,AMMO,DART,SORB,Searing_Orb
1113,AMMO,DART,BDDART01,Biter_PLUS2
1114,AMMO,DART,MDK2MTOV,Molotov_Cocktail
1115,MISC,BAG,BAG01,Winter_Wolf_Pelt
1116,MISC,BAG,TBAG01,Winter_Wolf_Pelt_2
1117,MISC,BAG,TBAG01NA,Winter_Wolf_Pelt_3
1118,MISC,BAG,BAG02,Gem_Bag
1119,MISC,BAG,BAG03,Scroll_Case
1120,MISC,BAG,BAG04,Bag_of_Holding
1121,MISC,BAG,BAG05,Ammo_Belt
1122,MISC,BAG,BAG06,Potion_Case
1123,MISC,BAG,BAG19,Bag_of_Holding_1
1124,MISC,BAG,BAG19A,Bag_of_Holding_2
1125,MISC,BAG,BAG19B,Bag_of_Holding_3
1126,MISC,BAG,BAG19C,Bag_of_Holding_4
1127,MISC,BAG,BAG19D,Bag_of_Holding_5
1128,MISC,BAG,BAG19E,Bag_of_Holding_6
1129,MISC,BAG,BAG20,Bag_of_Holding_7
1130,MISC,BAG,BAG21,Bag_of_Holding_8
1131,MISC,BAG,BAG22,Bag_of_Holding_9
1132,MISC,BAG,BAG23,Bag_of_Holding_10
1133,MISC,BAG,BAG24,Bag_of_Holding_11
1134,MISC,BAG,BAG25,Bag_of_Holding_12
1135,MISC,BAG,BAG26,Bag_of_Holding_13
1136,MISC,BAG,BAG27,Bag_of_Holding_14
1137,MISC,BAG,BAG28,Bag_of_Holding_15
1138,MISC,BAG,BAG29,Bag_of_Holding_16
1139,MISC,BAG,BAG30,Bag_of_Holding_17
1140,MISC,BAG,BAG31,Bag_of_Holding_18
1141,MISC,BAG,OHHBAG,Dragomirs_Respite
1142,MISC,BAG,BAG02B,Gem_Bag_1
1143,MISC,BAG,BAG02C,Gem_Bag_2
1144,MISC,BAG,BAG02D,Gem_Bag_3
1145,MISC,BAG,BAG02E,Gem_Bag_4
1146,MISC,BAG,BAG02F,Gem_Bag_5
1147,MISC,BAG,BAG02G,Gem_Bag_6
1148,MISC,BAG,BAG02H,Gem_Bag_7
1149,MISC,BAG,BAG02I,Gem_Bag_8
1150,MISC,BAG,CDBAG02I,Gem_Bag_9
1151,MISC,BAG,CDBAG02J,Gem_Bag_10
1152,MISC,BAG,BAG03B,Scroll_Case_1
1153,MISC,BAG,BAG03C,Scroll_Case_2
1154,MISC,BAG,BAG03D,Scroll_Case_3
1155,MISC,BAG,BAG03E,Scroll_Case_4
1156,MISC,BAG,BAG03F,Scroll_Case_5
1157,MISC,BAG,BAG03G,Scroll_Case_6
1158,MISC,BAG,BAG03H,Scroll_Case_7
1159,MISC,BAG,BAG03I,Scroll_Case_8
1160,MISC,BAG,BAG06B,Potion_Case_1
1161,MISC,BAG,BAG06C,Potion_Case_2
1162,MISC,BAG,BAG06D,Potion_Case_3
1164,AMMO,QUIVER,QUIVER01,Quiver_of_Plenty_PLUS1
1165,AMMO,QUIVER,QUIVER02,Case_of_Plenty_PLUS1
1166,AMMO,QUIVER,QUIVER03,Quiver_of_Plenty_PLUS2
1167,AMMO,QUIVER,QUIVER04,Case_of_Plenty_PLUS2
1168,AMMO,QUIVER,QUIVER05,Bag_of_Plenty_PLUS1
1169,AMMO,QUIVER,QUIVER06,Bag_of_Plenty_PLUS2
1170,MISC,INSTRUMENT,BRDFLUT1,Magic_Flute
1171,MISC,INSTRUMENT,BRDFLUT2,Magic_Flute_1
1172,MISC,INSTRUMENT,BRDFLUT3,Magic_Flute_2
1173,MISC,INSTRUMENT,BRDFLUTE,Magic_Flute_3
1174,MISC,INSTRUMENT,BDBRD03,Tangled_Strings
1175,MISC,TOME,BOOK03,Tome_of_Bodily_Health_PLUS1_Con
1176,MISC,TOME,BOOK04,Tome_of_Gainful_Exercise_PLUS1_Str
1177,MISC,TOME,BOOK05,Tome_of_Quickness_of_Action_PLUS1_Dex
1178,MISC,TOME,BOOK06,Tome_of_Clear_Thought_PLUS1_Int
1179,MISC,TOME,BOOK07,Tome_of_Leadership_and_Influence_PLUS1_Chr
1180,MISC,TOME,BOOK08,Tome_of_Understanding_PLUS1_Wis
1181,MISC,TOME,TOME01,Golem_Manual
1182,MISC,TOME,TOME02,Clay_Golem_Manual
1183,MISC,TOME,TOME02A,Clay_Golem_Page
1184,MISC,TOME,TOME03,Stone_Golem_Manual
1185,MISC,TOME,TOME03A,Stone_Golem_Page
1186,MISC,TOME,TOME04,Juggernaut_Golem_Manual
1187,MISC,TOME,TOME04A,Juggernaut_Golem_Page
1188,ARMOR,DRAGONSCALE,SCALEB,Shadow_Dragon_Scales
1189,ARMOR,DRAGONSCALE,SCALER,Red_Dragon_Scales
1208,WEAPON,ONEHANDSWORD,SW1H11,Odd_Flame_Sword_Creature_Attack
1250,WEAPON,ONEHANDSWORD,SW1H54A,Pieces_of_the_Equalizer_1
1251,WEAPON,ONEHANDSWORD,SW1H54B,Pieces_of_the_Equalizer_2
1252,WEAPON,ONEHANDSWORD,SW1H54C,Pieces_of_the_Equalizer_3
1289,WEAPON,BLUNT,BLUN06,Morning_Star
1290,WEAPON,BLUNT,BLUN07,Morning_Star_PLUS1
1298,WEAPON,BLUNT,BLUN14A,Flail_Head
1299,WEAPON,BLUNT,BLUN14B,Flail_Head_1
1300,WEAPON,BLUNT,BLUN14C,Flail_Head_2
1307,WEAPON,BLUNT,BLUN15,Morning_Star_PLUS2
1309,WEAPON,BLUNT,BLUN17,Morningstar_PLUS2_Wyverns_Tail
1323,WEAPON,BLUNT,BLUN30A,Flail_Head_3
1324,WEAPON,BLUNT,BLUN30B,Flail_Head_4
1369,SHIELD,SHIELD,SHLD33,Buckleys_Buckler
1370,MISC,SCROLL,RESTORE,Greater_Restoration
1371,MISC,SCROLL,SCRL02,Spell_Scroll
1372,MISC,SCROLL,SCRL03,Protection_from_Acid
1373,MISC,SCROLL,SCRL04,Protection_from_Cold
1374,MISC,SCROLL,SCRL05,Protection_from_Electricity
1375,MISC,SCROLL,SCRL06,Protection_from_Fire
1376,MISC,SCROLL,SCRL07,Protection_from_Magic
1377,MISC,SCROLL,SCRL08,Protection_from_Poison
1378,MISC,SCROLL,SCRL09,Protection_from_Undead
1379,MISC,SCROLL,SCRL10,Cursed_Scroll_of_Weakness
1380,MISC,SCROLL,SCRL11,Cursed_Scroll_of_Clumsiness
1381,MISC,SCROLL,SCRL12,Cursed_Scroll_of_Foolishness
1382,MISC,SCROLL,SCRL13,Cursed_Scroll_of_Ugliness
1383,MISC,SCROLL,SCRL14,Cursed_Scroll_of_Summon_Monster
1384,MISC,SCROLL,SCRL15,Protection_from_Petrification
1385,MISC,SCROLL,SCRL16,Cursed_Scroll_of_Petrification
1386,MISC,SCROLL,SCRL17,Cursed_Scroll_of_Ailment
1387,MISC,SCROLL,SCRL18,Cursed_Scroll_of_Stupidity
1388,MISC,SCROLL,SCRL1B,Agannazars_Scorcher
1389,MISC,SCROLL,SCRL1C,Ghoul_Touch
1390,MISC,SCROLL,SCRL1D,Clairvoyance
1391,MISC,SCROLL,SCRL1E,Dispel_Magic
1392,MISC,SCROLL,SCRL1F,Flame_Arrow
1393,MISC,SCROLL,SCRL1G,Fireball
1394,MISC,SCROLL,SCRL1H,Haste
1395,MISC,SCROLL,SCRL1I,Hold_Person
1396,MISC,SCROLL,SCRL1J,Invisibility_10_radius
1397,MISC,SCROLL,SCRL1K,Lightning_Bolt
1398,MISC,SCROLL,SCRL1L,Monster_Summoning_I
1399,MISC,SCROLL,SCRL1M,NonDetection
1400,MISC,SCROLL,SCRL1N,Protection_from_Normal_Missiles
1401,MISC,SCROLL,SCRL1O,Slow
1402,MISC,SCROLL,SCRL1P,Skull_Trap
1403,MISC,SCROLL,SCRL1Q,Vampiric_Touch
1404,MISC,SCROLL,SCRL1S,Dire_Charm
1405,MISC,SCROLL,SCRL1T,Ghost_Armor
1406,MISC,SCROLL,SCRL1U,Confusion
1407,MISC,SCROLL,SCRL1V,Stoneskin
1408,MISC,SCROLL,SCRL1W,Fireshield
1409,MISC,SCROLL,SCRL1X,Ice_Storm
1410,MISC,SCROLL,SCRL1Y,Improved_Invisibility
1411,MISC,SCROLL,SCRL1Z,Minor_Globe_of_Invulnerability
1412,MISC,SCROLL,SCRL2A,Monster_Summoning_II
1413,MISC,SCROLL,SCRL2B,Stoneskin_1
1414,MISC,SCROLL,SCRL2D,Animate_Dead
1415,MISC,SCROLL,SCRL2E,Cloudkill
1416,MISC,SCROLL,SCRL2F,Cone_of_Cold
1417,MISC,SCROLL,SCRL2G,Monster_Summoning_III
1418,MISC,SCROLL,SCRL2H,Shadow_Door
1419,MISC,SCROLL,SCRL2I-SCRL3F,Letters
1420,MISC,SCROLL,SCRL3G,Vocalize
1421,MISC,SCROLL,SCRL3H,Protection_from_Evil
1422,MISC,SCROLL,SCRL3I,Letter
1423,MISC,SCROLL,SCRL3Z,Letter_1
1424,MISC,SCROLL,SCRL56,Cure_Serious_Wounds
1425,MISC,SCROLL,SCRL58,Free_Action
1426,MISC,SCROLL,SCRL59,Neutralize_Poison
1427,MISC,SCROLL,SCRL5A,Mental_Domination
1428,MISC,SCROLL,SCRL5B,Defensive_Harmony
1429,MISC,SCROLL,SCRL5C,Protection_from_Lightning
1430,MISC,SCROLL,SCRL5D,Protection_from_Evil_10_radius
1431,MISC,SCROLL,SCRL5E,Champions_Strength
1432,MISC,SCROLL,SCRL5F,Chaotic_Commands
1433,MISC,SCROLL,SCRL5G,Remove_Curse
1434,MISC,SCROLL,SCRL5H,Emotion
1435,MISC,SCROLL,"SCRL5I, SCRL5W",Greater_Malison
1436,MISC,SCROLL,SCRL5J,Otilukes_Resilient_Sphere
1437,MISC,SCROLL,SCRL5K,Spirit_Armor
1438,MISC,SCROLL,SCRL5L,Polymorph_Other
1439,MISC,SCROLL,SCRL5M,Polymorph_Self
1440,MISC,SCROLL,SCRL5N,Domination
1441,MISC,SCROLL,SCRL5O,Hold_Monster
1442,MISC,SCROLL,SCRL5P,Chaos
1443,MISC,SCROLL,SCRL5Q,Feeblemind
1444,MISC,SCROLL,SCRL5T,Protection_from_Electricity_1
1445,MISC,SCROLL,SCRL5U,Reflected_Image
1446,MISC,SCROLL,SCRL5Z,Fireball_1
1447,MISC,SCROLL,SCRL61,Cure_Critical_Wounds
1448,MISC,SCROLL,SCRL62,Flame_Strike
1449,MISC,SCROLL,SCRL63,Raise_Dead
1450,MISC,SCROLL,SCRL66,Grease
1451,MISC,SCROLL,SCRL67,Armor
1452,MISC,SCROLL,SCRL68,Burning_Hands
1453,MISC,SCROLL,SCRL69,Charm_Person
1454,MISC,SCROLL,SCRL6D,Find_Familiar
1455,MISC,SCROLL,SCRL6E,Power_Word_Sleep
1456,MISC,SCROLL,SCRL6F,Ray_of_Enfeeblement
1457,MISC,SCROLL,SCRL6G,Minor_Spell_Deflection
1458,MISC,SCROLL,SCRL6H,Protection_from_Fire_1
1459,MISC,SCROLL,SCRL6I,Protection_from_Cold_1
1460,MISC,SCROLL,SCRL6J,Spell_Thrust
1461,MISC,SCROLL,SCRL6K,Detect_Illusion
1462,MISC,SCROLL,SCRL6L,Hold_Undead
1463,MISC,SCROLL,SCRL6M,Enchanted_Weapon
1464,MISC,SCROLL,SCRL6N,Fireshield_1
1465,MISC,SCROLL,SCRL6O,Secret_Word
1466,MISC,SCROLL,SCRL6P,Minor_Sequencer
1467,MISC,SCROLL,SCRL6Q,Teleport_Field
1468,MISC,SCROLL,SCRL6R,Spider_Spawn
1469,MISC,SCROLL,SCRL6S,Spell_Immunity
1470,MISC,SCROLL,SCRL6T,Protection_from_Normal_Weapons
1471,MISC,SCROLL,SCRL6U,Breach
1472,MISC,SCROLL,SCRL6V,Lower_Resistance
1473,MISC,SCROLL,SCRL6W,Oracle
1474,MISC,SCROLL,SCRL6X,Conjure_Lesser_Fire_Elemental
1475,MISC,SCROLL,SCRL6Y,Protection_from_Acid_1
1476,MISC,SCROLL,SCRL6Z,Phantom_Blade
1477,MISC,SCROLL,SCRL70,Color_Spray
1478,MISC,SCROLL,SCRL71,Blindness
1479,MISC,SCROLL,SCRL72,Friends
1480,MISC,SCROLL,SCRL73,Protection_from_Petrification_1
1481,MISC,SCROLL,SCRL75,Identify
1482,MISC,SCROLL,SCRL76,Infravision
1483,MISC,SCROLL,SCRL77,Magic_Missile
1484,MISC,SCROLL,SCRL78,Protection_from_Evil_1
1485,MISC,SCROLL,SCRL79,Shield
1486,MISC,SCROLL,SCRL7B,Conjure_Lesser_Air_Elemental
1487,MISC,SCROLL,SCRL7C,Conjure_Lesser_Earth_Elemental
1488,MISC,SCROLL,SCRL7D,Minor_Spell_Turning
1489,MISC,SCROLL,SCRL7E,Invisible_Stalker
1490,MISC,SCROLL,SCRL7F,Globe_of_Invulnerability
1491,MISC,SCROLL,SCRL7G,Tensers_Transformation
1492,MISC,SCROLL,SCRL7H,Flesh_to_Stone
1493,MISC,SCROLL,SCRL7I,Death_Spell
1494,MISC,SCROLL,SCRL7J,Protection_from_Magic_1
1495,MISC,SCROLL,SCRL7K,Mislead
1496,MISC,SCROLL,SCRL7L,Pierce_Magic
1497,MISC,SCROLL,SCRL7M,True_Sight
1498,MISC,SCROLL,SCRL7O,Protection_from_Magical_Weapons
1499,MISC,SCROLL,SCRL7P,Power_Word_Silence
1500,MISC,SCROLL,SCRL7Q,Improved_Haste
1501,MISC,SCROLL,SCRL7R,Death_Fog
1502,MISC,SCROLL,SCRL7S,Chain_Lightning
1503,MISC,SCROLL,SCRL7T,Disintegrate
1504,MISC,SCROLL,SCRL7U,Contingency
1505,MISC,SCROLL,SCRL7V,Spell_Deflection
1506,MISC,SCROLL,SCRL7W,Wyvern_Call
1507,MISC,SCROLL,SCRL7X,Conjure_Fire_Elemental
1508,MISC,SCROLL,SCRL7Y,Conjure_Air_Elemental
1509,MISC,SCROLL,SCRL7Z,Conjure_Earth_Elemental
1510,MISC,SCROLL,SCRL80,Shocking_Grasp
1511,MISC,SCROLL,SCRL81,Sleep
1512,MISC,SCROLL,SCRL82,Chill_Touch
1513,MISC,SCROLL,SCRL83,Chromatic_Orb
1514,MISC,SCROLL,SCRL84,Larlochs_Minor_Drain
1515,MISC,SCROLL,SCRL85,Blur
1516,MISC,SCROLL,SCRL86,Detect_Evil
1517,MISC,SCROLL,SCRL87,Detect_Invisibility
1518,MISC,SCROLL,SCRL89,Horror
1519,MISC,SCROLL,SCRL8A,Carrion_Summons
1520,MISC,SCROLL,SCRL8B,Summon_Nishruu
1521,MISC,SCROLL,SCRL8C,Stone_to_Flesh
1522,MISC,SCROLL,SCRL8D,Spell_Turning
1523,MISC,SCROLL,SCRL8E,Protection_from_the_Elements
1524,MISC,SCROLL,SCRL8F,Project_Image
1525,MISC,SCROLL,SCRL8G,Ruby_Ray_of_Reversal
1526,MISC,SCROLL,SCRL8H,Khelbens_Warding_Whip
1527,MISC,SCROLL,SCRL8I,Cacofiend
1528,MISC,SCROLL,SCRL8J,Mantle
1529,MISC,SCROLL,SCRL8L,Spell_Sequencer
1530,MISC,SCROLL,SCRL8M,Sphere_of_Chaos
1531,MISC,SCROLL,SCRL8N,Delayed_Blast_Fireball
1532,MISC,SCROLL,SCRL8O,Finger_of_Death
1533,MISC,SCROLL,SCRL8P,Prismatic_Spray
1534,MISC,SCROLL,SCRL8Q,Power_Word_Stun
1535,MISC,SCROLL,SCRL8R,Mordenkainens_Sword
1536,MISC,SCROLL,SCRL8S,Summon_Efreeti
1537,MISC,SCROLL,SCRL8T,Summon_Djinni
1538,MISC,SCROLL,SCRL8U,Summon_Hakeashar
1539,MISC,SCROLL,SCRL8V,Control_Undead
1540,MISC,SCROLL,SCRL8W,Mass_Invisibility
1541,MISC,SCROLL,SCRL8X,Spell_Shield
1542,MISC,SCROLL,SCRL8Y,Protection_from_Energy
1543,MISC,SCROLL,SCRL8Z,Simulacrum
1544,MISC,SCROLL,SCRL90,Invisibility
1545,MISC,SCROLL,SCRL91,Knock
1546,MISC,SCROLL,SCRL92,Know_Alignment
1547,MISC,SCROLL,SCRL93,Luck
1548,MISC,SCROLL,SCRL94,Resist_Fear
1549,MISC,SCROLL,SCRL95,Melfs_Acid_Arrow
1550,MISC,SCROLL,SCRL96,Mirror_Image
1551,MISC,SCROLL,SCRL97,Stinking_Cloud
1552,MISC,SCROLL,SCRL98,Strength
1553,MISC,SCROLL,SCRL99,Web
1554,MISC,SCROLL,SCRL9A,Pierce_Shield
1555,MISC,SCROLL,SCRL9B,Summon_Fiend
1556,MISC,SCROLL,SCRL9C,Improved_Mantle
1557,MISC,SCROLL,SCRL9D,Spell_Trigger
1558,MISC,SCROLL,SCRL9E,Incendiary_Cloud
1559,MISC,SCROLL,SCRL9F,Symbol_Fear
1560,MISC,SCROLL,SCRL9G,AbiDalzims_Horrid_Wilting
1561,MISC,SCROLL,SCRL9H,Maze
1562,MISC,SCROLL,SCRL9J,Power_Word_Blind
1563,MISC,SCROLL,SCRL9L,Spell_Trap
1564,MISC,SCROLL,SCRL9M,Spellstrike
1565,MISC,SCROLL,SCRL9N,Gate
1566,MISC,SCROLL,SCRL9P,Absolute_Immunity
1567,MISC,SCROLL,SCRL9Q,Chain_Contingency
1568,MISC,SCROLL,SCRL9R,Time_Stop
1569,MISC,SCROLL,SCRL9S,Imprisonment
1570,MISC,SCROLL,SCRL9T,Meteor_Swarm
1571,MISC,SCROLL,SCRL9U,Power_Word_Kill
1572,MISC,SCROLL,SCRL9V,Wail_of_the_Banshee
1573,MISC,SCROLL,SCRL9W,Energy_Drain
1574,MISC,SCROLL,SCRL9X,Black_Blade_of_Disaster
1575,MISC,SCROLL,SCRL9Y,Shapechange
1576,MISC,SCROLL,SCRL9Z,Freedom
1577,MISC,SCROLL,SCRLA1,Wizard_Eye
1578,MISC,SCROLL,SCRLA2,Deafness
1579,MISC,SCROLL,SCRLA3,Glitterdust
1580,MISC,SCROLL,SCRLA4,Limited_Wish
1581,MISC,SCROLL,SCRLA5,Melfs_Minute_Meteors
1582,MISC,SCROLL,SCRLA6,Spook
1583,MISC,SCROLL,SCRLA7,Remove_Magic
1584,MISC,SCROLL,SCRLA8,Contagion
1585,MISC,SCROLL,SCRLAG,Scroll_of_Crom_Faeyr
1586,MISC,SCROLL,SCRLAI,Ray_of_Enfeeblement_1
1587,MISC,SCROLL,SCRLAJ,Farsight
1588,MISC,SCROLL,SCRLAK,Remove_Curse_1
1589,MISC,SCROLL,SCRLAL,Sunfire
1590,MISC,SCROLL,"SCRLAM, SCRLAO",Symbol_Death
1591,MISC,SCROLL,SCRLAN,Symbol_Stun
1592,MISC,SCROLL,SCRLB1,Bigbys_Clenched_Fist
1593,MISC,SCROLL,SCRLB2,Bigbys_Crushing_Hand
1594,MISC,SCROLL,SCRLB4,Wish
1595,MISC,SCROLL,SCRLPET,Stone_to_Flesh_1
1596,MISC,SCROLL,SCRLSD,Greater_Restoration_1
1597,MISC,SCROLL,SCRLZZ,Summon_Cow
1598,MISC,POTION,POTN02,Potion_of_Fire_Resistance
1599,MISC,POTION,POTN03,Potion_of_Hill_Giant_Strength
1600,MISC,POTION,POTN04,Potion_of_Frost_Giant_Strength
1601,MISC,POTION,POTN05,Potion_of_Fire_Giant_Strength
1602,MISC,POTION,POTN06,Potion_of_Cloud_Giant_Strength
1603,MISC,POTION,POTN07,Potion_of_Storm_Giant_Strength
1604,MISC,POTION,POTN08,Potion_of_Healing
1605,MISC,POTION,POTN09,Potion_of_Heroism
1606,MISC,POTION,POTN10,Potion_of_Invisibility
1607,MISC,POTION,POTN11,Potion_of_Invulnerability
1608,MISC,POTION,POTN12,Potion_of_Stone_Giant_Strength
1609,MISC,POTION,POTN13,Oil_of_Firey_Burning
1610,MISC,POTION,POTN14,Oil_of_Speed
1611,MISC,POTION,POTN15,Red_Potion
1612,MISC,POTION,POTN16,Violet_Potion
1613,MISC,POTION,POTN17,Elixir_of_Health
1614,MISC,POTION,POTN18,Potion_of_Absorption
1615,MISC,POTION,POTN19,Potion_of_Agility
1616,MISC,POTION,POTN20,Antidote
1617,MISC,POTION,POTN21,Potion_of_Clarity
1618,MISC,POTION,POTN22,Potion_of_Cold_Resistance
1619,MISC,POTION,POTN23,Oil_of_Speed_1
1620,MISC,POTION,POTN24,Potion_of_Defense
1621,MISC,POTION,POTN25,Potion_of_Healing_1
1622,MISC,POTION,POTN26,Potion_of_Explosions
1623,MISC,POTION,POTN27,Potion_of_Firebreath
1624,MISC,POTION,POTN28,Potion_of_Fortitude
1625,MISC,POTION,POTN29,Potion_of_Genius
1626,MISC,POTION,POTN30,Potion_of_Infravision
1627,MISC,POTION,POTN31,Potion_of_Insulation
1628,MISC,POTION,POTN32,Antidote_1
1629,MISC,POTION,POTN33,Potion_of_Magic_Blocking
1630,MISC,POTION,POTN34,Potion_of_Magic_Protection
1631,MISC,POTION,POTN35,Potion_of_Magic_Shielding
1632,MISC,POTION,POTN36,Potion_of_Master_Thievery
1633,MISC,POTION,POTN37,Potion_of_Mind_Focusing
1634,MISC,POTION,POTN38,Potion_of_Mirrored_Eyes
1635,MISC,POTION,POTN39,Potion_of_Perception
1636,MISC,POTION,POTN40,Potion_of_Invulnerability_1
1637,MISC,POTION,POTN41,Potion_of_Power
1638,MISC,POTION,POTN42,Potion_of_Regeneration
1639,MISC,POTION,POTN43,Potion_of_Insight
1640,MISC,POTION,POTN44,Potion_of_Strength
1641,MISC,POTION,POTN45,Potion_of_Freedom
1642,MISC,POTION,POTN46,Potion_of_Stone_Form
1643,MISC,POTION,POTN47,Mareks_Antidote
1644,MISC,POTION,POTN48,Vial_of_Mysterious_Liquid_used_in_Nashkel_mines_to
1645,MISC,POTION,POTN52,Potion_of_Extra_Healing
1646,MISC,POTION,POTN53,Festule_the_Alchemists_Potion
1647,MISC,POTION,POTN54,Empty_Potion_Bottle
1648,MISC,POTION,POTN55,Potion_of_Superior_Healing
1649,MISC,POTION,POTN56,Rogues_Potion_of_Frost_Giant_Strength
1650,MISC,POTION,OHNPOTN1,Green_Dragon_Potion
1651,MISC,POTION,OHDPOTN1,Potion_of_Clarivoyance
1652,AMULET,AMULET,WA2AMU,Sensate_Amulet
1653,AMULET,AMULET,MISC5X,Harper_Pin
1654,AMULET,AMULET,MISC9S,Mind_Amplification_Device
1655,AMULET,AMULET,MISC8L,Mantle_of_Waukeen
1656,AMULET,AMULET,MISCAE,Sword_Medallion
1657,AMULET,AMULET,MAGEAMUL,Necklace_1
1658,AMULET,AMULET,MISC5E,Harper_Amulet
1659,AMULET,AMULET,SPEC01,Ring_55
1660,AMULET,AMULET,MISCAA,Golden_Circlet
1661,AMULET,AMULET,MISC7Y,Thrall_Collar
1662,AMULET,AMULET,CHALCY3,Greenstone_Amulet_1
1663,AMULET,AMULET,IPSION,Greenstone_Amulet_2
1664,AMULET,AMULET,OHHEXAM0,Hexxats_Amulet
1665,AMULET,AMULET,OHHEXAM1,Hexxats_Amulet_1
1666,AMULET,AMULET,OHHEXAM2,Hexxats_Amulet_2
1667,AMULET,AMULET,OHHEXAM3,Hexxats_Amulet_3
1668,AMULET,AMULET,OHHEXAM4,Hexxats_Amulet_4
1669,AMULET,AMULET,OHHEXAM5,Hexxats_Amulet_5
1670,AMULET,AMULET,OHHEXAM9,Hexxats_Amulet_6
1671,AMULET,AMULET,REGISAMU,Ruby_Pendant_of_Beguiling
1672,AMULET,AMULET,COMPON11,Montolios_Clasp
1673,AMULET,AMULET,MISC7R,Mithral_Medallion
1674,AMULET,AMULET,MISCA9,Star_Medallion
1675,AMULET,AMULET,OHDSIGIL,Sigil_of_Tyr
1676,AMULET,AMULET,MISC89,Edwins_Amulet
1677,AMULET,AMULET,MISC9N,Pendant
1678,AMULET,AMULET,MISC5W,Keepsake_Locket
1679,AMULET,AMULET,MISCAN,Galvenas_Medallion
1680,AMULET,AMULET,MISCB1,Talisman_of_Rillifane
1681,AMULET,AMULET,MISCAD,Sun_Medallion
1682,AMULET,AMULET,MISC4Y,Necklace_of_Talos
1683,AMULET,AMULET,POO,Wish_Plot
1684,RING,RING,RING43,Oaken_Ring
1685,RING,RING,RING45,Delryn_Family_Ring
1686,RING,RING,NPRING01,DArnisse_Signet_Ring
1690,RING,RING,OHBRING1,Stannel_Eibors_Ring
1691,RING,RING,OHBRING2,Dal_Family_Ring
1693,RING,RING,RINGJOS,Josephs_Greenstone_Ring
1705,RING,RING,MAGE03,Mirror_Image
1707,RING,RING,MISC5R,The_Lovers_Ring
1708,RING,RING,MISC8O,Isaeas_Signet_Ring
1709,RING,RING,RING10,Gold_Ring
1710,RING,RING,RING11,Silver_Ring
1711,RING,RING,RING12,Onyx_Ring
1712,RING,RING,RING13,Jade_Ring
1713,RING,RING,RING14,Greenstone_Ring
1714,RING,RING,RING15,Bloodstone_Ring
1715,RING,RING,RING16,Angel_Skin_Ring
1716,RING,RING,RING17,Flamedance_Ring
1717,RING,RING,RING18,Fire_Opal_Ring
1718,RING,RING,RING19,Ruby_Ring
1719,MISC,PLOTITEM,BAZPLO01,Abazigals_Wardstone
1720,MISC,PLOTITEM,BAZPL002,Draconis_Head
1721,MISC,PLOTITEM,BAZPLO03,Yellow_Dragon_Eggs
1722,MISC,PLOTITEM,BAZPLO04,Breath_Potion
1723,MISC,PLOTITEM,BAZPLO05,Rope
1724,MISC,PLOTITEM,BAZPLO06,Reversal_Scroll
1725,MISC,PLOTITEM,BAZPLO07,Empty_Breath_Potion_Flask
1726,MISC,PLOTITEM,BAZPLO08,Gauth_Eyestalk
1727,MISC,PLOTITEM,HGHEART,Still_Beating_Heart
1728,MISC,PLOTITEM,HGHEART2,Yaga_Shuras_Heart
1729,MISC,PLOTITEM,HGWARD01,Flame_Wardstone
1730,MISC,PLOTITEM,HGWARD02,Skull_Wardstone
1731,MISC,PLOTITEM,HGWARD03,Hammer_Wardstone
1732,MISC,PLOTITEM,HGWARD04,Blood_Wardstone
1733,MISC,PLOTITEM,LUM1 to LUM9,Handwritten_Notes
1734,MISC,PLOTITEM,PLOT01A,Ritual_Scroll
1735,MISC,PLOTITEM,PLOT01B,Vigil_Stone
1736,MISC,PLOTITEM,PLOT01C,Tattered_Parchment
1737,MISC,PLOTITEM,PLOT01D,Tattered_Parchment_1
1738,MISC,PLOTITEM,PLOT01E,Tattered_Parchment_2
1739,MISC,PLOTITEM,PLOT01F,Candle
1740,MISC,PLOTITEM,PLOT01G,Holy_Book
1741,MISC,PLOTITEM,PLOT01H,Bell
1742,MISC,PLOTITEM,PLOT01I,History_of_the_Imprisoned_One
1743,MISC,PLOTITEM,PLOT01J,Wardstone
1744,MISC,PLOTITEM,PLOT01K,Wardstone_1
1745,MISC,PLOTITEM,PLOT01L,Tinderbox
1746,MISC,PLOTITEM,PLOT01M,Handwritten_Note
1747,MISC,PLOTITEM,PLOT01N,Scribbled_Note
1748,MISC,PLOTITEM,PLOT01O,Key
1750,MISC,PLOTITEM,PLOT01Q,Helms_Scroll
1753,MISC,PLOTITEM,PLOT02C,Scepter_Gem
1754,MISC,PLOTITEM,PLOT02D,Scepter_Gem_1
1755,MISC,PLOTITEM,PLOT02E,Scepter_Gem_2
1756,MISC,PLOTITEM,PLOT02F,Madmans_Journal
1757,MISC,PLOTITEM,PLOT02G,Journal
1758,MISC,PLOTITEM,PLOT02H,Deck_of_Many_Things_1
1759,MISC,PLOTITEM,PLOT02I,Tahazzars_Heart
1760,MISC,PLOTITEM,PLOT02J,Karashurs_Heart
1765,MISC,PLOTITEM,PLOT03E,Portal_Key_1
1766,MISC,PLOTITEM,PLOT03F,Air_Library_Note
1767,MISC,PLOTITEM,PLOT03G,Fire_Library_Note
1768,MISC,PLOTITEM,PLOT03H,Slime_Library_Note
1769,MISC,PLOTITEM,PLOT03I,Ice_Library_Note
1770,MISC,PLOTITEM,PLOT03K,Key_1
1771,MISC,PLOTITEM,PLOT04A,Blue_Oil
1772,MISC,PLOTITEM,PLOT04B,Red_Oil
1773,MISC,PLOTITEM,PLOT04C,Purple_Oil
1774,MISC,PLOTITEM,PLOT04D,Crystal_Mallet
1775,MISC,PLOTITEM,PLOT04E,Diary_of_Carstons_Apprentice
1776,MISC,PLOTITEM,PLOT04F,Flint_and_Tinder
1777,MISC,PLOTITEM,PLOT04G,Illithid_Rod
1778,MISC,PLOTITEM,PLOT04H,Illithid_Rod_1
1780,MISC,PLOTITEM,PLOT04J,Carstons_Journal
1781,MISC,PLOTITEM,PLOT05A,Heart_Key
1782,MISC,PLOTITEM,PLOT05B,Mind_Key
1783,MISC,PLOTITEM,PLOT05C,Spirit_Key
1784,MISC,PLOTITEM,PLOT05D,Warriors_Skull
1785,MISC,PLOTITEM,PLOT16A,Bounty_Notice
1786,MISC,PLOTITEM,PLOT16B,Note_4
1787,MISC,PLOTITEM,PLOT17A,Monastery_Gate_Key
1788,MISC,PLOTITEM,PLOT17B,Graveyard_Key
1789,MISC,PLOTITEM,PLOT18A,Lazarus_Teleport_Scroll
1790,MISC,PLOTITEM,PLOT18B,Lazarus_Spellbook
1791,MISC,GEM,GBERRY,Good_Berry
1792,MISC,GEM,OHDAPPLE,Silver_Apple
1793,MISC,GEM,TTGEM01,Pearl_1
1794,MISC,GEM,TTGEM02,Aquamarine_Gem_1
1795,MISC,GEM,TTTREAS,Star_Sapphire_1
1796,MISC,GEM,DMGEM1,Rogue_Stone
1797,MISC,GEM,MISC16,Fire_Agate_Gem
1798,MISC,GEM,MISC17,Lynx_Eye_Gem
1799,MISC,GEM,MISC18,Sunstone_Gem
1800,MISC,GEM,MISC19,Turquoise_Gem
1801,MISC,GEM,MISC20,Bloodstone_Gem
1802,MISC,GEM,MISC21,Skydrop_Gem
1803,MISC,GEM,MISC22,Andar_Gem
1804,MISC,GEM,MISC23,Jasper_Gem
1805,MISC,GEM,MISC24,Tchazar_Gem
1806,MISC,GEM,MISC25,Zircon_Gem
1807,MISC,GEM,MISC26,Iol_Gem
1808,MISC,GEM,MISC27,Moonstone_Gem
1809,MISC,GEM,MISC28,Waterstar_Gem
1810,MISC,GEM,MISC29,Ziose_Gem
1811,MISC,GEM,MISC30,Chrysoberyl_Gem
1812,MISC,GEM,MISC31,Star_Diopside_Gem
1813,MISC,GEM,MISC32,Shandon_Gem
1814,MISC,GEM,MISC33,Aquamarine_Gem
1815,MISC,GEM,MISC34,Garnet_Gem
1816,MISC,GEM,MISC35,Horn_Coral_Gem
1817,MISC,GEM,MISC36,Pearl
1818,MISC,GEM,MISC37,Sphene_Gem
1819,MISC,GEM,MISC38,Black_Opal
1820,MISC,GEM,MISC39,Water_Opal
1821,MISC,GEM,MISC40,Moonbar_Gem
1822,MISC,GEM,MISC41,Star_Sapphire
1823,MISC,GEM,MISC42,Diamond
1824,MISC,GEM,MISC43,Emerald
1825,MISC,GEM,MISC44,Kings_Tears
1826,MISC,GEM,MISC45,Rogue_Stone_1
1827,MISC,GEM,MISC6N,Sun_Gem
1828,MISC,GEM,MISC6O,Sun_Gem_1
1829,MISC,GEM,OHDCRYST,Purple_Crystal
1830,MISC,GEM,OHRGEM01,Shadow_Gem
1834,MISC,GEM,MISC6Z,Beljuril
1835,MISC,WARDSTONE,COMPON09,Rune_of_Clangeddin
1836,MISC,WARDSTONE,MISC2A,Doppelganger_Wardstone
1837,MISC,WARDSTONE,MISC2B,Level_1_Exit_Wardstone
1838,MISC,WARDSTONE,MISC2C,Islanne_Wardstone
1839,MISC,WARDSTONE,MISC2D,Kiel_Wardstone
1840,MISC,WARDSTONE,MISC2E,Fuernebol_Wardstone
1841,MISC,WARDSTONE,MISC2F,Teleportation_Wardstone
1842,MISC,WARDSTONE,MISC2G,Level_2_Exit_Wardstone
1843,MISC,WARDSTONE,MISC2I,Wardstone_Forgery
1844,MISC,WARDSTONE,MISC2J,Wardstone_Forgery_1
1845,MISC,WARDSTONE,MISC2K,Compass_Wardstone
1846,MISC,WARDSTONE,MISC2L,Bone_Wardstone
1847,MISC,WARDSTONE,MISC2M,Dwarven_Rune_1_Wardstone
1848,MISC,WARDSTONE,MISC2N,Dwarven_Rune_2_Wardstone
1849,MISC,WARDSTONE,MISCBH,Deirexs_Gems
1851,MISC,WARDSTONE,HGSTONE,Cold_Stone
1852,MISC,WARDSTONE,MISC6T,Planar_Stone
1853,MISC,BOOK,BOOK01,Magical_Book
1854,MISC,BOOK,BOOK02,Spell_Book
1861,MISC,BOOK,BOOK09,Normal_Book
1862,MISC,BOOK,BOOK10,History_of_Calimshan
1863,MISC,BOOK,BOOK11,History_of_Cormyr
1864,MISC,BOOK,BOOK12,History_of_Dambrath
1865,MISC,BOOK,BOOK13,History_of_Durpar_and_Var
1866,MISC,BOOK,BOOK14,History_of_Estagund
1867,MISC,BOOK,BOOK15,Gondegal_the_Lost_King
1868,MISC,BOOK,BOOK16,History_of_Halruaa
1869,MISC,BOOK,BOOK17,History_of_Luiren
1870,MISC,BOOK,BOOK18,History_of_Sembia
1871,MISC,BOOK,BOOK19,History_of_Shadowdale_I
1872,MISC,BOOK,BOOK20,History_of_Shadowdale_II
1873,MISC,BOOK,BOOK21,History_of_Shadowdale_III
1874,MISC,BOOK,BOOK22,History_of_Shadowdale_IV
1875,MISC,BOOK,BOOK23,History_of_Shadowdale_V
1876,MISC,BOOK,BOOK24,History_of_Shadowdale_VI
1877,MISC,BOOK,BOOK25,History_of_Shadowdale_VII
1878,MISC,BOOK,BOOK26,History_of_Shadowdale_VIII
1879,MISC,BOOK,BOOK27,History_of_Shadowdale_IX
1880,MISC,BOOK,BOOK28,History_of_Shadowdale_X
1881,MISC,BOOK,BOOK29,History_of_Shadowdale_XI
1882,MISC,BOOK,BOOK30,History_of_Shadowdale_XII
1883,MISC,BOOK,BOOK31,History_of_Shadowdale_XIII
1884,MISC,BOOK,BOOK32,History_of_Tethyr
1885,MISC,BOOK,BOOK33,History_of_the_Bell_in_the_Depths
1886,MISC,BOOK,BOOK34,History_of_the_Chosen_of_Mystra
1887,MISC,BOOK,BOOK35,History_of_the_Dales_and_the_Elven_Court
1888,MISC,BOOK,BOOK36,History_of_the_Dead_Three
1889,MISC,BOOK,BOOK37,History_of_the_Dragon_Coast
1890,MISC,BOOK,BOOK38,History_of_the_Drow_I
1891,MISC,BOOK,BOOK39,History_of_the_Drow_II
1892,MISC,BOOK,BOOK40,History_of_the_Fateful_Coin
1893,MISC,BOOK,BOOK41,Last_March_of_the_Giants
1894,MISC,BOOK,BOOK42,History_of_the_Moonsea
1895,MISC,BOOK,BOOK43,History_of_the_North_I
1896,MISC,BOOK,BOOK44,History_of_the_North_II
1897,MISC,BOOK,BOOK45,History_of_the_North_III
1898,MISC,BOOK,BOOK46,History_of_the_North_IV
1899,MISC,BOOK,BOOK47,History_of_the_North_V
1900,MISC,BOOK,BOOK48,History_of_the_North_VI
1901,MISC,BOOK,BOOK49,History_of_the_North_VII
1902,MISC,BOOK,BOOK50,History_of_the_North_VIII
1903,MISC,BOOK,BOOK51,History_of_the_North_IX
1904,MISC,BOOK,BOOK52,History_of_the_North_X
1905,MISC,BOOK,BOOK53,History_of_the_Red_Ravens
1906,MISC,BOOK,BOOK54,Sisters_of_Light_and_Darkness
1907,MISC,BOOK,BOOK55,History_of_the_Unicorn_Run
1908,MISC,BOOK,BOOK56,History_of_the_Valley_of_the_Gods
1909,MISC,BOOK,BOOK57,History_of_the_Vast
1910,MISC,BOOK,BOOK58,History_of_the_Western_Heartland
1911,MISC,BOOK,BOOK59,History_of_the_Zhentarim
1912,MISC,BOOK,BOOK60,History_of_the_Ulgarth
1913,MISC,BOOK,BOOK61,History_of_Amn
1914,MISC,BOOK,BOOK62,History_of_Waterdeep_I
1915,MISC,BOOK,BOOK63,History_of_Waterdeep_II
1916,MISC,BOOK,BOOK64,History_of_Waterdeep_III
1917,MISC,BOOK,BOOK65,History_of_Waterdeep_IV
1918,MISC,BOOK,BOOK66,History_of_Waterdeep_V
1919,MISC,BOOK,BOOK67,History_of_Waterdeep_VI
1920,MISC,BOOK,BOOK68,Book_of_Ancient_KnowledgeHistory_of_the_Nether_Scrolls
1921,MISC,BOOK,BOOK70,Yagos_Book_of_Curses
1922,MISC,BOOK,BOOK71,Dusty_Book
1923,MISC,BOOK,BOOK72,Dusty_Book_1
1924,MISC,BOOK,BOOK73,Dusty_Book_2
1925,MISC,BOOK,BOOK74,Dusty_Book_3
1926,MISC,BOOK,BOOK75,Dusty_Book_4
1927,MISC,BOOK,BOOK76,Dusty_Book_5
1928,MISC,BOOK,BOOK77,Dusty_Book_6
1929,MISC,BOOK,BOOK78,Dusty_Book_7
1930,MISC,BOOK,BOOK79,Dusty_Book_8
1931,MISC,BOOK,BOOK80,Dusty_Book_9
1932,MISC,BOOK,BOOK81,Dusty_Book_10
1933,MISC,BOOK,BOOK82,Dusty_Book_11
1934,MISC,BOOK,BOOK83,Dusty_Book_12
1935,MISC,BOOK,BOOK84,Dusty_Book_13
1936,MISC,BOOK,BOOK85,Dusty_Book_14
1937,MISC,BOOK,BOOK86,Dusty_Book_15
1938,MISC,BOOK,BOOK87,Baldurans_Log_Book
1939,MISC,BOOK,BOOK88,The_Recipes_and_Ruminations_of_One_Dradeel_of_Tethir
1940,MISC,BOOK,BOOK89,The_Book_of_Kaza
1941,MISC,BOOK,BOOK90,Golem_Building_Book
1942,MISC,BOOK,BOOK91,Tome_of_Amaunator
1943,MISC,BOOK,BOOK92,Merellas_Journal
1944,MISC,BOOK,BOOK93,Orcish_Cookbook
1945,MISC,BOOK,BOOK94,The_Vapiricus_Omnibus_Unabridged
1946,MISC,BOOK,BOOK95,Dea_Vampir_Becomos
1947,MISC,BOOK,BOOK96,Conjur_Ota_Servanta
1948,MISC,BOOK,BOOK97,Lellyns_Journal
1949,MISC,BOOK,BOOK98,Book_of_King_Strohm_III
1950,MISC,NOTE,HGBOOK1,Yaga_Shuras_Journal
1953,MISC,NOTE,MISC7P,Tombelthens_Journal__first_half_
1954,MISC,NOTE,MISC7Q,Tombelthens_Journal__2nd_half_
1955,MISC,NOTE,MISCCC,Note_4
1956,MISC,NOTE,OHBBOOK1,The_Journal_of_Geldorf_Tinbasher
1973,MISC,NOTE,OHBBOOK2,Thassks_Journal
1974,MISC,NOTE,MISC9C,Liums_Journal_of_Malevolent_Magicks
1975,MISC,NOTE,OHNNOTE4,The_Journal_of_Fadell_Ironeye
1976,MISC,NOTE,MISCAK,Wardens_Note
1977,MISC,NOTE,MISC7W,Lavoks_Tome
1978,MISC,NOTE,OHNNOTE3,Lanneths_Journal
1979,MISC,NOTE,MISC8F,Playhouse_Deed
1980,MISC,NOTE,MISC8P,Isaeas_Slavery_Document
1981,MISC,NOTE,SCRLAA,Scroll_2
1982,MISC,NOTE,SCRLA9,Scroll_1
1984,MISC,NOTE,OHBBOOK5,Dennatons_Journal_1
1985,MISC,NOTE,OHBBOOK6,Dennatons_Journal_2
1986,MISC,NOTE,OHBBOOK4,Dennatons_Journal
1987,MISC,NOTE,MISCA3,Book_of_Rituals
1988,MISC,NOTE,MISC8N,Isaeas_Financial_Statements
1989,MISC,NOTE,MISC7M,Corthala_Tax_Notice
1990,MISC,NOTE,MISC9L,Deed_to_the_Windspear_Hills
1991,MISC,NOTE,MISC71,Delornas_Spellbook
1992,MISC,NOTE,MISC7H,Umar_Witch_Project_Journal
1996,MISC,NOTE,MISC6F,Quatariss_Confession
1998,MISC,NOTE,OHRNOT03,Torn_Map
1999,MISC,NOTE,OHRPAMPH,Worn_Pamphlet
2000,MISC,NOTE,MISC5J,Writ_of_Innocence
2001,MISC,NOTE,WISHSCRL,Note_9
2002,MISC,NOTE,OHNNOTE5,Diary_of_Vicross
2003,MISC,NOTE,OHHCASK2,Hexxats_Coffin
2004,MISC,NOTE,OHHCASK,Empty_Casket
2005,MISC,NOTE,MISC6U,Firkraags_Challenge
2006,MISC,NOTE,OHRNOT01,Scrap_of_Paper
2007,MISC,NOTE,OHBBOOK3,Bannors_Journal
2008,MISC,NOTE,SCRLAB,Dradeels_Recipe_Page
2009,MISC,NOTE,SCRLAD,Dradeels_Recipe_Page_2
2010,MISC,NOTE,SCRLAC,Dradeels_Recipe_Page_1
2011,MISC,NOTE,BOOKEE,Elminsters_Ecologies__Appendix_IIIa
2012,MISC,NOTE,OHNNOTE2,Letter
2013,MISC,NOTE,SCRLAE,Dradeels_Recipe_Page_3
2014,MISC,NOTE,SCRLAF,Dradeels_Recipe_Page_4
2015,MISC,NOTE,SCRL3D,Letter_21
2016,MISC,NOTE,SCRLJALA,Geas_Removal_Scroll
2017,MISC,NOTE,MISC7C,Contacts_Note
2018,MISC,NOTE,MISC6R,Note_to_Order
2019,MISC,NOTE,SCRLADJ,Note_7
2020,MISC,NOTE,MISCBX,Note_3
2022,MISC,NOTE,LUM1,Handwritten_Note
2023,MISC,NOTE,LUM2,Handwritten_Note_1
2024,MISC,NOTE,LUM3,Handwritten_Note_2
2025,MISC,NOTE,LUM4,Handwritten_Note_3
2026,MISC,NOTE,LUM5,Handwritten_Note_4
2027,MISC,NOTE,LUM6,Handwritten_Note_5
2028,MISC,NOTE,LUM7,Handwritten_Note_6
2029,MISC,NOTE,LUM8,Handwritten_Note_7
2030,MISC,NOTE,MISC6A,Tanners_Letter
2031,MISC,NOTE,MISC7O,Note
2032,MISC,NOTE,MISC7S,Lord_Tombelthens_Note
2033,MISC,NOTE,MISC8A,Note_1
2034,MISC,NOTE,MISC8B,Note_2
2037,MISC,NOTE,TTSCRL01,Flame_Arrow_1
2038,MISC,NOTE,TTSCRL02,Monster_Summoning_I_1
2039,MISC,NOTE,MISC9I,First_Journal_of_Jon_Irenicus
2040,MISC,NOTE,MISCCA,Demins_Note
2041,MISC,NOTE,SCRLZY,Summon_Cow
2043,MISC,NOTE,OHDSCRL,Telwyns_Note
2044,MISC,NOTE,OHBSCRL,Scroll_of_Spirit_Transference
2045,MISC,NOTE,MISC9K,Third_Journal_of_Jon_Irenicus
2047,MISC,NOTE,OHBSCRL2,Scroll_of_Spirit_Transference_1
2048,MISC,NOTE,SCRL3E,Letter_22
2049,MISC,NOTE,OHNNOTE1,Contract
2050,MISC,NOTE,SCRL3F,The_diary_of_Sarevok
2051,MISC,NOTE,MISC4T,Letter_of_Transfer
2052,MISC,NOTE,MISC8I,Note_from_Imnesvale
2053,MISC,NOTE,SCRLHP,Note_8
2054,MISC,NOTE,MISC78,Invitation
2055,MISC,NOTE,SCRLICK,Illithid_Correspondence
2056,MISC,NOTE,MISCBZ,Tizzaks_Journal
2057,MISC,NOTE,MISC8E,Dusk_Ritual
2058,MISC,NOTE,MISC8C,Morn_Ritual
2059,MISC,NOTE,MISC8D,Noontide_Ritual
2060,MISC,NOTE,MDK2SUMM,The_MDK2_Spell
2061,MISC,NOTE,MISCBW,Sahuagin_Scribes_Notes
2062,MISC,NOTE,MISCA5,Stoneshape_Scroll
2063,MISC,NOTE,SCRLAUTO,Autograph
2064,MISC,NOTE,MISC9J,Second_Journal_of_Jon_Irenicus
2065,MISC,NOTE,SCRLMZ,A_Note_from_Mazzy_Fentan
2066,MISC,NOTE,MISC5P,Ransom_Note
2067,MISC,NOTE,SCRL2I,Letter_1
2068,MISC,MISC,AERIEBAB,Aeries_Baby
2069,MISC,MISC,AMSOUL01,Mallas_Soul_Stone
2070,MISC,MISC,BOTSMITH,Summons_Cespenar
2071,MISC,MISC,C6LANTHO,The_Lanthorn
2072,MISC,MISC,DECK,Deck_of_Many_Things
2073,MISC,MISC,FIGURE01,Shakti_Figurine
2074,MISC,MISC,GLOBBLU1,Blue_Globes_1
2075,MISC,MISC,GLOBBLU2,Blue_Globes_2
2076,MISC,MISC,GLOBBLU3,Blue_Globes_3
2077,MISC,MISC,GLOBBLU4,Blue_Globes_4
2078,MISC,MISC,GLOBRED1,Red_Globes_1
2079,MISC,MISC,GLOBRED2,Red_Globes_2
2080,MISC,MISC,GLOBRED3,Red_Globes_3
2081,MISC,MISC,GLOBRED4,Red_Globes_4
2082,MISC,MISC,GLOBGRE1,Green_Globes_1
2083,MISC,MISC,GLOBGRE2,Green_Globes_2
2084,MISC,MISC,GLOBGRE3,Green_Globes_3
2085,MISC,MISC,GLOBGRE4,Green_Globes_4
2086,MISC,MISC,GLOBPUR1,Purple_Globes_1
2087,MISC,MISC,GLOBPUR2,Purple_Globes_2
2088,MISC,MISC,GLOBPUR3,Purple_Globes_3
2089,MISC,MISC,GLOBPUR4,Purple_Globes_4
2091,MISC,MISC,MAGE02,Ring_of_Barkskin
2093,MISC,MISC,MAGE04,Pseudo_Ring_of_Blur
2095,MISC,MISC,OHNCOLL,Collar_Bell
2096,MISC,MISC,OHNTANK,Tankard
2097,MISC,MISC,OHRSCRL1,Gem_of_Seen
2098,MISC,EXCEPTION,MISC01,Winter_Wolf_Pelt
2099,MISC,EXCEPTION,MISC02,Mirror
2100,MISC,EXCEPTION,MISC03,Small_Box
2101,MISC,EXCEPTION,MISC04,Bassilus_Holy_Symbol
2102,MISC,EXCEPTION,MISC07,Gold_Piece
2103,MISC,EXCEPTION,MISC12,Ankheg_Shell
2104,MISC,EXCEPTION,MISC13,Samuel
2109,MISC,EXCEPTION,MISC1A,Bottle_of_Wine
2110,MISC,EXCEPTION,MISC1B,Butter_Knife_of_Balduran
2111,MISC,EXCEPTION,MISC1C,Sea_Charts
2112,MISC,EXCEPTION,MISC1E,Evans_Body
2113,MISC,EXCEPTION,MISC1F,Dradeels_Spell_Book
2114,MISC,EXCEPTION,MISC1G,Farthings_Dolly
2115,MISC,EXCEPTION,MISC1H,Gong_Mallet
2116,MISC,EXCEPTION,MISC1I,Belladonna_flowers
2117,MISC,EXCEPTION,MISC1J,Glittering_Beljuril_Gemstone
2140,MISC,EXCEPTION,MISC2O,Lock_of_hair_from_Kirinhale
2141,MISC,EXCEPTION,MISC2P,Harp_of
2152,MISC,EXCEPTION,MISC3A,Book_of_Infinite_Spells
2153,MISC,EXCEPTION,MISC3A1,Book_of_Infinite_Spells_1
2154,MISC,EXCEPTION,MISC3A2,Book_of_Infinite_Spells_2
2155,MISC,EXCEPTION,MISC3A3,Book_of_Infinite_Spells_3
2156,MISC,EXCEPTION,MISC3A4,Book_of_Infinite_Spells_4
2157,MISC,EXCEPTION,MISC3A5,Book_of_Infinite_Spells_5
2158,MISC,EXCEPTION,MISC3A6,Book_of_Infinite_Spells_6
2159,MISC,EXCEPTION,MISC3A7,Book_of_Infinite_Spells_7
2160,MISC,EXCEPTION,MISC3A8,Book_of_Infinite_Spells_8
2161,MISC,EXCEPTION,MISC3A9,Book_of_Infinite_Spells_9
2162,MISC,EXCEPTION,MISC3C,Efreeti_Bottle
2163,MISC,EXCEPTION,MISC3D,Golden_Lion_Figurine
2164,MISC,EXCEPTION,MISC3E,Black_Spider_Figurine
2165,MISC,EXCEPTION,MISC3F,Jade_Hound
2166,MISC,EXCEPTION,MISC3H,Horn_of_Blasting
2167,MISC,EXCEPTION,MISC3I,Silver_Horn_of_Valhalla
2168,MISC,EXCEPTION,MISC3J,Bronze_Horn_of_Valhalla
2169,MISC,EXCEPTION,MISC3K,Iron_Horn_of_Valhalla
2170,MISC,EXCEPTION,MISC3L,Horn_of_Silence
2171,MISC,EXCEPTION,MISC3M,Harp_of_Discord
2172,MISC,EXCEPTION,MISC3N,Azlaers_Harp
2173,MISC,EXCEPTION,MISC3O,Methilds_Harp
2174,MISC,EXCEPTION,MISC3P,Glasses_of_Identification
2181,MISC,EXCEPTION,MISC47,Golden_Pantaloons
2182,MISC,EXCEPTION,MISC48,Idol
2183,MISC,EXCEPTION,MISC49,Melicamp_the_Chicken
2184,MISC,EXCEPTION,MISC4A,Activation_Stone
2185,MISC,EXCEPTION,MISC4B,Jail_Cell_Key
2186,MISC,EXCEPTION,MISC4C,Air_Elemental_Statue
2187,MISC,EXCEPTION,MISC4D,The_Genies_Flask
2188,MISC,EXCEPTION,MISC4E,Energy_Cells
2189,MISC,EXCEPTION,MISC4G,Portal_Key
2190,MISC,EXCEPTION,MISC4H,Wand_of_Fire_Key
2191,MISC,EXCEPTION,MISC4I,Wand_of_Frost_Key
2192,MISC,EXCEPTION,MISC4J,Wand_of_Summoning_Key
2193,MISC,EXCEPTION,MISC4K,Wand_of_Lightning_Key
2194,MISC,EXCEPTION,MISC4L,Wand_of_Cloudkill_Key
2195,MISC,EXCEPTION,MISC4M,Wand_of_Missiles_Key
2196,MISC,EXCEPTION,MISC4N,Acorns
2197,MISC,EXCEPTION,MISC4O,Sewage_Golem_Key
2198,MISC,EXCEPTION,MISC4P,Key_to_Frennedans_Room
2199,MISC,EXCEPTION,MISC4Q,The_Ogres_Sword
2200,MISC,EXCEPTION,MISC4R,Haegans_Key
2201,MISC,EXCEPTION,MISC4S,Key_to_Shadow_Thieves_Cellar
2204,MISC,EXCEPTION,MISC4V,MaeVars_Letter
2205,MISC,EXCEPTION,MISC4W,Edwins_Documents
2206,MISC,EXCEPTION,MISC4X,Statuette_of_Lathander
2208,MISC,EXCEPTION,MISC4Z,Beastmaster_Key
2209,MISC,EXCEPTION,MISC50,Skull
2210,MISC,EXCEPTION,MISC51,Lock_of_Nymphs_Hair
2211,MISC,EXCEPTION,MISC52,Wyvern_Head
2212,MISC,EXCEPTION,MISC53,Bowl_of_Water_Elemental_Control
2213,MISC,EXCEPTION,MISC54,Childs_Body
2214,MISC,EXCEPTION,MISC55,Duke_Eltans_Body
2215,MISC,EXCEPTION,MISC56,Broken_Weapon
2216,MISC,EXCEPTION,MISC57,Broken_Shield
2217,MISC,EXCEPTION,MISC58,Broken_Armor
2218,MISC,EXCEPTION,MISC59,Broken_Miscellaneous
2219,MISC,EXCEPTION,MISC5A,Rift_Device_Part
2220,MISC,EXCEPTION,MISC5B,Rift_Device_Part_2
2221,MISC,EXCEPTION,MISC5C,Rift_Device
2222,MISC,EXCEPTION,MISC5D,Harper_Bird
2224,MISC,EXCEPTION,MISC5F,Renfelds_Body
2225,MISC,EXCEPTION,MISC5G,Exotic_Hide
2226,MISC,EXCEPTION,MISC5H,Guril_Berries
2227,MISC,EXCEPTION,MISC5I,Amsis_Key
2229,MISC,EXCEPTION,MISC5K,Illithium_Ore
2230,MISC,EXCEPTION,MISC5L,Littleman_The_Stuffed_Bear
2231,MISC,EXCEPTION,MISC5M,Inspectors_Body
2232,MISC,EXCEPTION,MISC5N,Piece_of_Red_Cloth
2233,MISC,EXCEPTION,MISC5O,Silver_Pantaloons
2235,MISC,EXCEPTION,MISC5Q,Blood_of_Quallos_Friend
2237,MISC,EXCEPTION,MISC5S,Hand
2239,MISC,EXCEPTION,MISC5U,Montarons_Body
2240,MISC,EXCEPTION,MISC5V,Lock_of_Jaheiras_Hair
2243,MISC,EXCEPTION,MISC5Y,Jaheiras_Note
2244,MISC,EXCEPTION,MISC5Z,Rift_Device_1
2245,MISC,EXCEPTION,MISC60,Spider_Body
2246,MISC,EXCEPTION,MISC61,Bottle_of_Wine_1
2247,MISC,EXCEPTION,MISC62,Dead_Cat
2248,MISC,EXCEPTION,MISC63,Chew_Toy
2249,MISC,EXCEPTION,MISC64,Telescope
2250,MISC,EXCEPTION,MISC65,Brages_Body
2251,MISC,EXCEPTION,MISC66,Farmer_Bruns_son
2252,MISC,EXCEPTION,MISC67,Bruns_Dead_Son
2253,MISC,EXCEPTION,MISC68,Abela_the_Nymph
2254,MISC,EXCEPTION,MISC69,Helsharas_Artifact_Fragment
2256,MISC,EXCEPTION,MISC6B,Dennis_Mothers_Gong
2257,MISC,EXCEPTION,MISC6C,Guril_Berries_1
2258,MISC,EXCEPTION,MISC6D,Solik_Berries
2259,MISC,EXCEPTION,MISC6E,Oak_Bark
2261,MISC,EXCEPTION,MISC6G,Bust_of_Sune
2262,MISC,EXCEPTION,MISC6H,Mekraths_Mirror
2263,MISC,EXCEPTION,MISC6I,Anargs_Cup
2264,MISC,EXCEPTION,MISC6J,Golem_Head
2265,MISC,EXCEPTION,MISC6K,Golem_Arm
2266,MISC,EXCEPTION,MISC6L,Golem_Brain
2267,MISC,EXCEPTION,MISC6M,Demon_Heart
2270,MISC,EXCEPTION,MISC6P,Shadow_Dragon_Wardstone
2271,MISC,EXCEPTION,MISC6Q,Amuanas_Bones
2273,MISC,EXCEPTION,MISC6S,Chunk_of_Illithium_Alloy
2276,MISC,EXCEPTION,MISC6V,Smuggled_Shipment
2277,MISC,EXCEPTION,MISC6W,Wooden_Stake
2278,MISC,EXCEPTION,MISC6X,Portal_Gem
2279,MISC,EXCEPTION,MISC6Y,Mimics_Blood
2281,MISC,EXCEPTION,MISC70,Delornas_Statue
2284,MISC,EXCEPTION,MISC73,The_Horn_of_Kazgaroth
2285,MISC,EXCEPTION,MISC74,The_Candle
2287,MISC,EXCEPTION,MISC76,The_Dream_Potion
2288,MISC,EXCEPTION,MISC77,Skull_of_Kereph
2290,MISC,EXCEPTION,MISC79,Female_Body
2291,MISC,EXCEPTION,MISC7A,Chicken
2292,MISC,EXCEPTION,MISC7B,Chicken_1
2294,MISC,EXCEPTION,MISC7D,Barls_Antidote
2295,MISC,EXCEPTION,MISC7E,Fairy_Dust
2296,MISC,EXCEPTION,MISC7F,TiVaels_Head
2297,MISC,EXCEPTION,MISC7G,Jaheiras_note_for
2299,MISC,EXCEPTION,MISC7I,Chaos_Tome
2300,MISC,EXCEPTION,MISC7J,Wand_of_Activation
2301,MISC,EXCEPTION,MISC7K,Head_of_Cotirso
2302,MISC,EXCEPTION,MISC7L,Valygars_Body
2310,MISC,EXCEPTION,MISC7T,Moon_Dog_Figurine
2311,MISC,EXCEPTION,MISC7U,Dog_Stew
2312,MISC,EXCEPTION,MISC7V,Dog_Meat
2314,MISC,EXCEPTION,MISC7X,Mastery_Orb
2316,MISC,EXCEPTION,MISC7Z,Coal
2317,MISC,EXCEPTION,MISC80,Male_Body
2318,MISC,EXCEPTION,MISC82,Ancient_Armor
2319,MISC,EXCEPTION,MISC83,Key_to_River_Plug
2320,MISC,EXCEPTION,MISC84,Boo
2321,MISC,EXCEPTION,MISC85,Mulaheys_Holy_Symbol
2322,MISC,EXCEPTION,MISC86,Bandit_Scalp
2323,MISC,EXCEPTION,MISC87,Contaminated_Iron
2332,MISC,EXCEPTION,MISC8G,Rune_of_Imprisonment
2333,MISC,EXCEPTION,MISC8H,Blood_of_a_Silver_Dragon
2336,MISC,EXCEPTION,MISC8K,Ihtafeers_head
2338,MISC,EXCEPTION,MISC8M,Trademeet_Tomb_Key
2342,MISC,EXCEPTION,MISC8Q,Rebels_Orb
2343,MISC,EXCEPTION,MISC8R,Fake_Rebels_Heart
2344,MISC,EXCEPTION,MISC8S,Rebels_Heart
2345,MISC,EXCEPTION,MISC8T,Cernds_Baby
2346,MISC,EXCEPTION,MISC8U,Silver_Blade
2347,MISC,EXCEPTION,MISC8V,Wardstone_for_Asylum
2348,MISC,EXCEPTION,MISC8W,Opal_Stone
2349,MISC,EXCEPTION,MISC8X,Ruby_Stone
2350,MISC,EXCEPTION,MISC8Y,Sapphire_Stone
2351,MISC,EXCEPTION,MISC8Z,Kurtulmaks_Crystal_Shard
2352,MISC,EXCEPTION,MISC90,Chelaks_Body
2353,MISC,EXCEPTION,MISC91,Grapes
2354,MISC,EXCEPTION,MISC92,Switch_for_engine
2355,MISC,EXCEPTION,MISC93,Odd_looking_key
2356,MISC,EXCEPTION,MISC94,Mallet_head
2357,MISC,EXCEPTION,MISC95,Mallet_handle
2358,MISC,EXCEPTION,MISC96,Peladon
2359,MISC,EXCEPTION,MISC97,DeTranions_Baalor_ale
2360,MISC,EXCEPTION,MISC98,Durlags_goblet
2362,MISC,EXCEPTION,MISC9A,The_Hand_of_Dace
2363,MISC,EXCEPTION,MISC9B,Vampire_Stake
2365,MISC,EXCEPTION,MISC9D,Giant_Trolls_Head
2366,MISC,EXCEPTION,MISC9E,Minotaur_Horn
2367,MISC,EXCEPTION,MISC9F,Minotaur_Horn_2
2368,MISC,EXCEPTION,MISC9G,Pirate_Horn
2369,MISC,EXCEPTION,MISC9H,Nebs_Head
2374,MISC,EXCEPTION,MISC9M,Pipe
2376,MISC,EXCEPTION,MISC9O,Staff
2378,MISC,EXCEPTION,MISC9Q,Scimitar
2379,MISC,EXCEPTION,MISC9R,Light_Gem
2381,MISC,EXCEPTION,MISC9T,Dragon_Eggs
2382,MISC,EXCEPTION,MISC9U,Fake_Dragon_Eggs
2383,MISC,EXCEPTION,MISC9V,Fake_Dragon_Eggs_1
2385,MISC,EXCEPTION,MISC9X,Control_Circlet
2386,MISC,EXCEPTION,MISC9Y,Brine_Potion
2387,MISC,EXCEPTION,MISC9Z,Corrupted_Tadpoles
2388,MISC,EXCEPTION,MISCA1,Gem
2389,MISC,EXCEPTION,MISCA2,Sulphurous_Poison
2391,MISC,EXCEPTION,MISCA4,Potion_of_Squirrel_Change
2394,MISC,EXCEPTION,MISCA7,KuoToans_Blood
2395,MISC,EXCEPTION,MISCA8,Eyestalk_of_an_Elder_Orb
2398,MISC,EXCEPTION,MISCAB,Jar_of_Water
2399,MISC,EXCEPTION,MISCAC,Sundial
2402,MISC,EXCEPTION,MISCAF,The_Gagged_Man
2403,MISC,EXCEPTION,MISCAG,Mirror_1
2404,MISC,EXCEPTION,MISCAH,Hourglass
2406,MISC,EXCEPTION,MISCAJ,Grinning_Skull
2408,MISC,EXCEPTION,MISCAL,Mithril_Token
2409,MISC,EXCEPTION,MISCAM,Galvenas_Key
2411,MISC,EXCEPTION,MISCAO,Mind_Flayer_Painting
2412,MISC,EXCEPTION,MISCAP,Umberhulk_Painting
2413,MISC,EXCEPTION,MISCAQ,Troll_Painting
2414,MISC,EXCEPTION,MISCAR,Djinni_Painting
2415,MISC,EXCEPTION,MISCAS,Sleeping_Draught
2416,MISC,EXCEPTION,MISCAT,Mug_of_Ale
2417,MISC,EXCEPTION,MISCAU,Elven_Holy_Water
2418,MISC,EXCEPTION,MISCAV,Golden_Skull
2419,MISC,EXCEPTION,MISCAW,Golden_Arm_and_Leg
2420,MISC,EXCEPTION,MISCAX,Golden_Leg
2421,MISC,EXCEPTION,MISCAY,Golden_Torso
2422,MISC,EXCEPTION,MISCAZ,Beholder_Eye
2424,MISC,EXCEPTION,MISCB2,Golden_Goblet_of_Life
2425,MISC,EXCEPTION,MISCB3,Moonblade
2426,MISC,EXCEPTION,MISCB4,Tree_of_Life_Nuts
2427,MISC,EXCEPTION,MISCB5,Tears_of_Bhaal
2428,MISC,EXCEPTION,MISCB6,Tears_of_Bhaal_1
2429,MISC,EXCEPTION,MISCB7,Tears_of_Bhaal_2
2430,MISC,EXCEPTION,MISCB8,Tears_of_Bhaal_3
2431,MISC,EXCEPTION,MISCB9,Tears_of_Bhaal_4
2432,MISC,EXCEPTION,MISCBA,Tears_of_Bhaal_5
2433,MISC,EXCEPTION,MISCBD,Dog_Bones
2434,MISC,EXCEPTION,MISCBE,Gilded_Rope
2435,MISC,EXCEPTION,MISCBF,Jaellat_Wardstone
2436,MISC,EXCEPTION,MISCBG,Lichs_Tooth
2438,MISC,EXCEPTION,MISCBI,Magical_Rope
2439,MISC,EXCEPTION,MISCBJ,Qilues_Brain
2440,MISC,EXCEPTION,MISCBK,Illithid_Serum
2441,MISC,EXCEPTION,MISCBL,Aeries_Body
2442,MISC,EXCEPTION,MISCBM,Anomens_Body
2443,MISC,EXCEPTION,MISCBN,Jaheiras_Body
2444,MISC,EXCEPTION,MISCBO,Viconias_Body
2445,MISC,EXCEPTION,MISCBP,Bodhis_Black_Heart
2446,MISC,EXCEPTION,MISCBQ,Tree_of_Life_Nuts_1
2447,MISC,EXCEPTION,MISCBR,Stone_Harp
2448,MISC,EXCEPTION,MISCBS,Stone_Horn
2449,MISC,EXCEPTION,MISCBT,Elven_Priest_Stone
2450,MISC,EXCEPTION,MISCBU,Yoshimos_Heart
2451,MISC,EXCEPTION,MISCBV,Elder_Brain_Blood
2454,MISC,EXCEPTION,MISCBY,Tainted_Dragon_Eggs
2457,MISC,EXCEPTION,MISCCB,Bronze_Pantalettes
2461,MISC,EXCEPTION,WA2HARP,Harp_of_Pandemonium
2469,MISC,DROWITEM,DWDUST,Adamantine_Dust
2477,MISC,FAMILIAR,FAMCAT,A_familiar_cat
2478,MISC,FAMILIAR,FAMCAT25,Upgraded_Cat
2479,MISC,FAMILIAR,FAMDUST,A_familiar_dust_mephit
2480,MISC,FAMILIAR,FAMDUS25,Upgraded_Dust_Mephit
2481,MISC,FAMILIAR,FAMFAIR,A_familiar_fairy_dragon
2482,MISC,FAMILIAR,FAMFAI25,Upgraded_fairy_dragon
2483,MISC,FAMILIAR,FAMFER,A_familiar_ferret
2484,MISC,FAMILIAR,FAMFER25,Upgraded_ferret
2485,MISC,FAMILIAR,FAMIMP,A_familiar_imp
2486,MISC,FAMILIAR,FAMIMP25,Upgraded_imp
2487,MISC,FAMILIAR,FAMPSD,A_familiar_pseudodragon
2488,MISC,FAMILIAR,FAMPSD25,Upgraded_pseudodragon
2489,MISC,FAMILIAR,FAMQUAS,A_familiar_quasit
2490,MISC,FAMILIAR,FAMQUA25,Upgraded_quasit
2491,MISC,FAMILIAR,FAMRAB,A_familiar_rabbit
2492,MISC,FAMILIAR,FAMRAB25,Upgraded_rabbit
2499,MISC,IWD,WASTAR,Everards_Morning_Star_PLUS2
2501,MISC,KEY,EDWINKEY,MaeVars_Strongbox_Key
2502,MISC,KEY,KEY01,Cult_Key
2503,MISC,KEY,KEY02,Gaals_Key
2504,MISC,KEY,KEY03,Planar_Key
2505,MISC,KEY,KEY04,Sun_Ray_Symbol
2506,MISC,KEY,KEY05,Dawns_Light_Symbol
2507,MISC,KEY,KEY06,Lightstone_Symbol
2508,MISC,KEY,KEY07,Chapel_Key
2509,MISC,KEY,KEY08,Chain_Key
2510,MISC,KEY,KEY09,Firkraag_Prison_Key
2511,MISC,KEY,KEY10,Keep_Key
2512,MISC,KEY,KEY11,Planar_Prison_Cell_Key
2513,MISC,KEY,KEY12,Key_to_Arans_Lair
2514,MISC,KEY,KEY13,Shadow_Thief_Prison_Key
2515,MISC,KEY,KEY14,Piece_of_Burial_Mask
2516,MISC,KEY,KEY15,Piece_of_Burial_Mask_1
2517,MISC,KEY,KEY16,Piece_of_Burial_Mask_2
2518,MISC,KEY,KEY17,Piece_of_Burial_Mask_3
2519,MISC,KEY,KEY18,Piece_of_Burial_Mask_4
2520,MISC,KEY,KEY19,Piece_of_Burial_Mask_5
2522,MISC,KEY,KEY21,Samias_Key
2523,MISC,KEY,KEY22,Shadow_Prison_Key
2524,MISC,KEY,KEY23,Symbol_of_Amaunator
2525,MISC,KEY,KEY24,Sahuagin_Treasury_Key
2526,MISC,KEY,KEY25,Despana_Treasury_Key
2527,MISC,KEY,KEY26,Sekolahs_Tooth
2528,MISC,KEY,KEY27,Guildhouse_Key
2529,MISC,KEY,KEY28,Jons_Key
2530,MISC,KEY,KEY29,Sewer_Key
2531,MISC,KEY,SARKEY01,Outer_Jail_Door_Key
2532,MISC,KEY,SARKEY02,Secret_Jail_Door_Key
2533,MISC,KEY,SARKEY03,Sealed_Door_Key_Saradush_Prison
2534,MISC,KEY,SARKEY04,Sewer_Key_Saradush
2535,MISC,KEY,SENKEY01,Drow_Guards_Key
2536,MISC,KEY,SENKEY02,Drow_Wardstone
2537,MISC,KEY,SENKEY03,Sendais_Key
2539,MISC,KEY,COMPON05,Roranachs_Horn
2540,MISC,KEY,COMPON17,Circlet_of_Netheril
2546,MISC,KEY,OHRKEY02,Intricate_Key
2554,MISC,KEY,OHNKEY02,Slave_Pen_Key
2555,MISC,KEY,OHBKEY01,Illithids_Runestone
2558,MISC,KEY,OHBKEY05,Bransons_Key
2559,MISC,KEY,OHNKEY03,Laboratory_Key
2561,MISC,KEY,OHRKEY03,Holding_Pen_Key
2566,MISC,KEY,OHHKEY,Key_of_the_Masters_Crypt
2567,MISC,KEY,OHHONKEY,Key_of_Scholars
2570,MISC,KEY,OHBKEY02,Key_to_the_Hunters__Lounge
2575,MISC,KEY,OHRKEY01,Temple_Key
2576,MISC,KEY,TTKEY01,Balance_be_served_
2577,MISC,KEY,OHBKEY03,Guard_Captains_Key
2578,MISC,COMPONENT,COMPON01,Liquid_Mercury
2579,MISC,COMPONENT,COMPON02,Eye_of_Tyr
2580,MISC,COMPONENT,COMPON03,Fflars_Scabbard
2581,MISC,COMPONENT,COMPON04,Baalors_Claw
2583,MISC,COMPONENT,COMPON06,Skull_of_the_Lich
2584,MISC,COMPONENT,COMPON07,Hindos_Hand
2585,MISC,COMPONENT,COMPON08,Starfall_Ore
2587,MISC,COMPONENT,COMPON10,Bowstring_of_Gond
2589,MISC,COMPONENT,COMPON12,Horn
2590,MISC,COMPONENT,COMPON13,Horn_1
2591,MISC,COMPONENT,COMPON14,Nymphs_Tear
2592,MISC,COMPONENT,COMPON15,Heart_of_the_Damned
2595,MISC,COMPONENT,COMPON18,White_Dragon_Scales
2596,MISC,COMPONENT,COMPON19,Blue_Dragon_Scales
