,Class,Level,SpellCode,Spell
0,PALADIN,LEVEL_2,SPCL211,PALADIN_LAY_ON_HANDS
1,PALADIN,LEVEL_2,SPCL212,PALADIN_DETECT_EVIL
2,PALADIN,LEVEL_2,SPCL213,PALADIN_PROTECTION_FROM_EVIL
3,PALADIN,LEVEL_9,SPCL923,PALADIN_SUMMON_DEVA
4,SHAMAN,LEVEL_9,SPCL940,SHAMAN_SPIRIT_FORM
5,SHAMAN,LEVEL_9,SPCL941,SHAMAN_FAVORED_OF_THE_SPIRITS
6,THIEF,LEVEL_8,SPIN805,THIEF_DETECT_ILLUSION
7,THIEF,LEVEL_4,SPCL412,THIEF_SET_SNARE
8,THIEF,LEVEL_4,SPCL414,THIEF_SET_SPECIAL_SNARE
9,TOTEMIC,LEVEL_6,SPCL621,TOTEMIC_DRUID_SUMMON_SPIRIT_ANIMAL
10,SHAPESHIFTER,LEVEL_1,SPIN124,SHAPESHIFTER_SHAPESHIFT_NATURAL_FORM
11,SHAPESHIFTER,LEVEL_6,SPCL643,SHAPESHIFTER_SHAPESHIFT_WEREWOLF
12,SHAPESHIFTER,LEVEL_6,SPCL644,SHAPESHIFTER_SHAPESHIFT_GREATERWEREWOLF
13,BLACKGUARD,LEVEL_1,SPCL102,BLACKGUARD_ABSORB_HEALTH
14,BLACKGUARD,LEVEL_1,SPCL106,BLACKGUARD_ANIMATE_DEAD
15,BLACKGUARD,LEVEL_1,SPCL103,AURA_OF_DESPAIR
16,RANGER,LEVEL_3,SPCL311,RANGER_CHARM_ANIMAL
17,RANGER,LEVEL_9,SPCL922,RANGER_TRACKING
18,BERSERKER,LEVEL_3,SPCL321,BERSERKER_ENRAGE
19,BERSERKER,LEVEL_3,SPCL321,BERSERKER_RAGE
20,ARCHER,LEVEL_8,SPIN898,ARCHER_PROTECTION
21,ARCHER,LEVEL_1,SPCL121,ARCHER_CALL_SHOT
22,WIZARD,LEVEL_0,SPWI050,WIZARD_CHAOS_VISUALS_ONLY
23,WIZARD,LEVEL_0,SPWI051,WIZARD_DISPEL_MAGIC_VISUALS_ONLY
24,WIZARD,LEVEL_0,SPWI052,WIZARD_POWER_WORD_SILENCE_VISUALS_ONLY
25,WIZARD,LEVEL_0,SPWI053,WIZARD_FLESH_TO_STONE_IGNORE_RESISTANCE
26,WIZARD,LEVEL_0,SPWI054,WIZARD_FINGER_OF_DEATH_IGNORE_RESISTANCE
27,WIZARD,LEVEL_0,SPWI055,WIZARD_DISINTEGRATE_IGNORE_RESISTANCE
28,WIZARD,LEVEL_0,SPWI056,WIZARD_DISINTEGRATE2_IGNORE_RESISTANCE
29,WIZARD,LEVEL_1,SPWI101,WIZARD_GREASE
30,WIZARD,LEVEL_1,SPWI102,WIZARD_ARMOR
31,WIZARD,LEVEL_1,SPWI103,WIZARD_BURNING_HANDS
32,WIZARD,LEVEL_1,SPWI104,WIZARD_CHARM_PERSON
33,WIZARD,LEVEL_1,SPWI105,WIZARD_COLOR_SPRAY
34,WIZARD,LEVEL_1,SPWI106,WIZARD_BLINDNESS
35,WIZARD,LEVEL_1,SPWI107,WIZARD_FRIENDS
36,WIZARD,LEVEL_1,SPWI108,WIZARD_PROTECTION_FROM_PETRIFICATION
37,WIZARD,LEVEL_1,SPWI109,WIZARD_HOLD_PORTAL
38,WIZARD,LEVEL_1,SPWI110,WIZARD_IDENTIFY
39,WIZARD,LEVEL_1,SPWI111,WIZARD_INFRAVISION
40,WIZARD,LEVEL_1,SPWI112,WIZARD_MAGIC_MISSILE
41,WIZARD,LEVEL_1,SPWI113,WIZARD_PROTECTION_FROM_EVIL
42,WIZARD,LEVEL_1,SPWI114,WIZARD_SHIELD
43,WIZARD,LEVEL_1,SPWI115,WIZARD_SHOCKING_GRASP
44,WIZARD,LEVEL_1,SPWI116,WIZARD_SLEEP
45,WIZARD,LEVEL_1,SPWI117,WIZARD_CHILL_TOUCH
46,WIZARD,LEVEL_1,SPWI118,WIZARD_CHROMATIC_ORB
47,WIZARD,LEVEL_1,SPWI119,WIZARD_LARLOCH_MINOR_DRAIN
48,WIZARD,LEVEL_1,SPWI120,WIZARD_REFLECTED_IMAGE
49,WIZARD,LEVEL_1,SPWI121,WIZARD_REVEAL_MAGIC
50,WIZARD,LEVEL_1,SPWI122,WIZARD_PROTECTION_CIRCLE
51,WIZARD,LEVEL_1,SPWI123,WIZARD_FIND_FAMILAR
52,WIZARD,LEVEL_1,SPWI124,WIZARD_ALARM
53,WIZARD,LEVEL_1,SPWI124,WIZARD_NAHALS_RECKLESS_DWEOMER
54,WIZARD,LEVEL_1,SPWI125,WIZARD_SPOOK
55,WIZARD,LEVEL_2,SPWI201,WIZARD_BLUR
56,WIZARD,LEVEL_2,SPWI202,WIZARD_DETECT_EVIL
57,WIZARD,LEVEL_2,SPWI203,WIZARD_DETECT_INVISIBILITY
58,WIZARD,LEVEL_2,SPWI204,WIZARD_FOG_CLOUD
59,WIZARD,LEVEL_2,SPWI205,WIZARD_HORROR
60,WIZARD,LEVEL_2,SPWI206,WIZARD_INVISIBILITY
61,WIZARD,LEVEL_2,SPWI207,WIZARD_KNOCK
62,WIZARD,LEVEL_2,SPWI208,WIZARD_KNOW_ALIGNMENT
63,WIZARD,LEVEL_2,SPWI209,WIZARD_LUCK
64,WIZARD,LEVEL_2,SPWI210,WIZARD_RESIST_FEAR
65,WIZARD,LEVEL_2,SPWI211,WIZARD_MELF_ACID_ARROW
66,WIZARD,LEVEL_2,SPWI212,WIZARD_MIRROR_IMAGE
67,WIZARD,LEVEL_2,SPWI213,WIZARD_STINKING_CLOUD
68,WIZARD,LEVEL_2,SPWI214,WIZARD_STRENGTH
69,WIZARD,LEVEL_2,SPWI215,WIZARD_WEB
70,WIZARD,LEVEL_2,SPWI216,WIZARD_WIZARD_LOCK
71,WIZARD,LEVEL_2,SPWI217,WIZARD_AGANNAZAR_SCORCHER
72,WIZARD,LEVEL_2,SPWI218,WIZARD_GHOUL_TOUCH
73,WIZARD,LEVEL_2,SPWI219,WIZARD_VOCALIZE
74,WIZARD,LEVEL_2,SPWI220,WIZARD_POWER_WORD_SLEEP
75,WIZARD,LEVEL_2,SPWI221,WIZARD_RAY_OF_ENFEEBLEMENT
76,WIZARD,LEVEL_2,SPWI222,WIZARD_CHAOS_SHIELD
77,WIZARD,LEVEL_2,SPWI223,WIZARD_DEAFNESS
78,WIZARD,LEVEL_2,SPWI224,WIZARD_GLITTERDUST
79,WIZARD,LEVEL_3,SPWI301,WIZARD_CLAIRVOYANCE
80,WIZARD,LEVEL_3,SPWI302,WIZARD_DISPEL_MAGIC
81,WIZARD,LEVEL_3,SPWI302,WIZARD_REMOVE_MAGIC
82,WIZARD,LEVEL_3,SPWI303,WIZARD_FLAME_ARROW
83,WIZARD,LEVEL_3,SPWI304,WIZARD_FIREBALL
84,WIZARD,LEVEL_3,SPWI305,WIZARD_HASTE
85,WIZARD,LEVEL_3,SPWI306,WIZARD_HOLD_PERSON
86,WIZARD,LEVEL_3,SPWI307,WIZARD_INVISIBILITY_10_FOOT
87,WIZARD,LEVEL_3,SPWI308,WIZARD_LIGHTNING_BOLT
88,WIZARD,LEVEL_3,SPWI309,WIZARD_MONSTER_SUMMONING_1
89,WIZARD,LEVEL_3,SPWI310,WIZARD_NON_DETECTION
90,WIZARD,LEVEL_3,SPWI311,WIZARD_PROTECTION_FROM_NORMAL_MISSILES
91,WIZARD,LEVEL_3,SPWI312,WIZARD_SLOW
92,WIZARD,LEVEL_3,SPWI313,WIZARD_SKULL_TRAP
93,WIZARD,LEVEL_3,SPWI314,WIZARD_VAMPIRIC_TOUCH
94,WIZARD,LEVEL_3,SPWI315,WIZARD_WRAITH_FORM
95,WIZARD,LEVEL_3,SPWI316,WIZARD_DIRE_CHARM
96,WIZARD,LEVEL_3,SPWI317,WIZARD_GHOST_ARMOR
97,WIZARD,LEVEL_3,SPWI318,WIZARD_MINOR_SPELL_DEFLECTION
98,WIZARD,LEVEL_3,SPWI319,WIZARD_PROTECTION_FROM_FIRE
99,WIZARD,LEVEL_3,SPWI320,WIZARD_PROTECTION_FROM_COLD
100,WIZARD,LEVEL_3,SPWI321,WIZARD_SPELL_THRUST
101,WIZARD,LEVEL_3,SPWI322,WIZARD_DETECT_ILLUSION
102,WIZARD,LEVEL_3,SPWI324,WIZARD_HOLD_UNDEAD
103,WIZARD,LEVEL_3,SPWI325,WIZARD_MELF_METEOR
104,WIZARD,LEVEL_3,SPWI326,WIZARD_TRUE_DISPEL_MAGIC
105,WIZARD,LEVEL_4,SPWI401,WIZARD_CONFUSION
106,WIZARD,LEVEL_4,SPWI402,WIZARD_DIMENSION_DOOR
107,WIZARD,LEVEL_4,SPWI403,WIZARD_FIRE_SHIELD_BLUE
108,WIZARD,LEVEL_4,SPWI404,WIZARD_ICE_STORM
109,WIZARD,LEVEL_4,SPWI405,WIZARD_IMPROVED_INVISIBILITY
110,WIZARD,LEVEL_4,SPWI406,WIZARD_MINOR_GLOBE_OF_INVULNERABILITY
111,WIZARD,LEVEL_4,SPWI407,WIZARD_MONSTER_SUMMONING_2
112,WIZARD,LEVEL_4,SPWI408,WIZARD_STONE_SKIN
113,WIZARD,LEVEL_4,SPWI409,WIZARD_CONTAGION
114,WIZARD,LEVEL_4,SPWI410,WIZARD_REMOVE_CURSE
115,WIZARD,LEVEL_4,SPWI411,WIZARD_EMOTION_HOPELESSNESS
116,WIZARD,LEVEL_4,SPWI412,WIZARD_GREATER_MALISON
117,WIZARD,LEVEL_4,SPWI413,WIZARD_OTILUKES_RESILIENT_SPHERE
118,WIZARD,LEVEL_4,SPWI414,WIZARD_SPIRIT_ARMOR
119,WIZARD,LEVEL_4,SPWI415,WIZARD_POLYMORPH_OTHER
120,WIZARD,LEVEL_4,SPWI416,WIZARD_POLYMORPH_SELF
121,WIZARD,LEVEL_4,SPWI417,WIZARD_ENCHANTED_WEAPON
122,WIZARD,LEVEL_4,SPWI418,WIZARD_FIRE_SHIELD_RED
123,WIZARD,LEVEL_4,SPWI419,WIZARD_SECRET_WORD
124,WIZARD,LEVEL_4,SPWI420,WIZARD_MINOR_SEQUENCER
125,WIZARD,LEVEL_4,SPWI421,WIZARD_TELEPORT_FIELD
126,WIZARD,LEVEL_4,SPWI423,WIZARD_SPIDER_SPAWN
127,WIZARD,LEVEL_4,SPWI424,WIZARD_FAR_SIGHT
128,WIZARD,LEVEL_4,SPWI425,WIZARD_EYE
129,WIZARD,LEVEL_4,SPWI490,WIZARD_POLYMORPH_NATURAL_FORM
130,WIZARD,LEVEL_4,SPWI493,WIZARD_POLYMORPH_FLIND
131,WIZARD,LEVEL_4,SPWI494,WIZARD_POLYMORPH_OGRE
132,WIZARD,LEVEL_4,SPWI495,WIZARD_POLYMORPH_SPIDER
133,WIZARD,LEVEL_4,SPWI496,WIZARD_POLYMORPH_MUSTARD_JELLY
134,WIZARD,LEVEL_4,SPWI497,WIZARD_POLYMORPH_BROWN_BEAR
135,WIZARD,LEVEL_4,SPWI498,WIZARD_POLYMORPH_BLACK_BEAR
136,WIZARD,LEVEL_4,SPWI499,WIZARD_POLYMORPH_WOLF
137,WIZARD,LEVEL_5,SPWI501,WIZARD_ANIMATE_DEAD
138,WIZARD,LEVEL_5,SPWI502,WIZARD_CLOUDKILL
139,WIZARD,LEVEL_5,SPWI503,WIZARD_CONE_OF_COLD
140,WIZARD,LEVEL_5,SPWI504,WIZARD_MONSTER_SUMMONING_3
141,WIZARD,LEVEL_5,SPWI505,WIZARD_SHADOW_DOOR
142,WIZARD,LEVEL_5,SPWI506,WIZARD_DOMINATION
143,WIZARD,LEVEL_5,SPWI507,WIZARD_HOLD_MONSTER
144,WIZARD,LEVEL_5,SPWI508,WIZARD_CHAOS
145,WIZARD,LEVEL_5,SPWI509,WIZARD_FEEBLEMIND
146,WIZARD,LEVEL_5,SPWI510,WIZARD_SPELL_IMMUNITY
147,WIZARD,LEVEL_5,SPWI511,WIZARD_PROTECTION_FROM_NORMAL_WEAPONS
148,WIZARD,LEVEL_5,SPWI512,WIZARD_PROTECTION_FROM_ELECTRICITY
149,WIZARD,LEVEL_5,SPWI513,WIZARD_BREACH
150,WIZARD,LEVEL_5,SPWI514,WIZARD_LOWER_RESISTANCE
151,WIZARD,LEVEL_5,SPWI515,WIZARD_ORACLE
152,WIZARD,LEVEL_5,SPWI516,WIZARD_CONJURE_LESSER_FIRE_ELEMENTAL
153,WIZARD,LEVEL_5,SPWI517,WIZARD_PROTECTION_FROM_ACID
154,WIZARD,LEVEL_5,SPWI518,WIZARD_PHANTOM_BLADE
155,WIZARD,LEVEL_5,SPWI519,WIZARD_SPELL_SHIELD
156,WIZARD,LEVEL_5,SPWI520,WIZARD_CONJURE_LESSER_AIR_ELEMENTAL
157,WIZARD,LEVEL_5,SPWI521,WIZARD_CONJURE_LESSER_EARTH_ELEMENTAL
158,WIZARD,LEVEL_5,SPWI522,WIZARD_MINOR_SPELL_TURNING
159,WIZARD,LEVEL_5,SPWI523,WIZARD_SUN_FIRE
160,WIZARD,LEVEL_5,SPWI590,WIZARD_SPELL_IMMUNITY_ABJURATION
161,WIZARD,LEVEL_5,SPWI591,WIZARD_SPELL_IMMUNITY_CONJURATION
162,WIZARD,LEVEL_5,SPWI592,WIZARD_SPELL_IMMUNITY_DIVINATION
163,WIZARD,LEVEL_5,SPWI593,WIZARD_SPELL_IMMUNITY_ENCHANTMENT
164,WIZARD,LEVEL_5,SPWI594,WIZARD_SPELL_IMMUNITY_ILLUSIONIST
165,WIZARD,LEVEL_5,SPWI595,WIZARD_SPELL_IMMUNITY_INVOCATION
166,WIZARD,LEVEL_5,SPWI596,WIZARD_SPELL_IMMUNITY_NECROMANCY
167,WIZARD,LEVEL_5,SPWI597,WIZARD_SPELL_IMMUNITY_ALTERATION
168,WIZARD,LEVEL_6,SPWI601,WIZARD_INVISIBLE_STALKER
169,WIZARD,LEVEL_6,SPWI602,WIZARD_GLOBE_OF_INVULNERABILITY
170,WIZARD,LEVEL_6,SPWI603,WIZARD_TENSERS_TRANSFORMATION
171,WIZARD,LEVEL_6,SPWI604,WIZARD_FLESH_TO_STONE
172,WIZARD,LEVEL_6,SPWI605,WIZARD_DEATH_SPELL
173,WIZARD,LEVEL_6,SPWI606,WIZARD_PROTECTION_FROM_MAGIC_ENERGY
174,WIZARD,LEVEL_6,SPWI607,WIZARD_MISLEAD
175,WIZARD,LEVEL_6,SPWI608,WIZARD_PIERCE_MAGIC
176,WIZARD,LEVEL_6,SPWI609,WIZARD_TRUE_SIGHT
177,WIZARD,LEVEL_6,SPWI610,WIZARD_MONSTER_SUMMONING_4
178,WIZARD,LEVEL_6,SPWI611,WIZARD_PROTECTION_FROM_MAGIC_WEAPONS
179,WIZARD,LEVEL_6,SPWI612,WIZARD_POWER_WORD_SILENCE
180,WIZARD,LEVEL_6,SPWI613,WIZARD_IMPROVED_HASTE
181,WIZARD,LEVEL_6,SPWI614,WIZARD_DEATH_FOG
182,WIZARD,LEVEL_6,SPWI615,WIZARD_CHAIN_LIGHTNING
183,WIZARD,LEVEL_6,SPWI616,WIZARD_DISINTEGRATE
184,WIZARD,LEVEL_6,SPWI617,WIZARD_CONTINGENCY
185,WIZARD,LEVEL_6,SPWI618,WIZARD_SPELL_DEFLECTION
186,WIZARD,LEVEL_6,SPWI619,WIZARD_WYVERN_CALL
187,WIZARD,LEVEL_6,SPWI620,WIZARD_CONJURE_FIRE_ELEMENTAL
188,WIZARD,LEVEL_6,SPWI621,WIZARD_CONJURE_AIR_ELEMENTAL
189,WIZARD,LEVEL_6,SPWI622,WIZARD_CONJURE_EARTH_ELEMENTAL
190,WIZARD,LEVEL_6,SPWI623,WIZARD_CARRION
191,WIZARD,LEVEL_6,SPWI624,WIZARD_SUMMON_NISHRUU
192,WIZARD,LEVEL_6,SPWI625,WIZARD_STONE_TO_FLESH
193,WIZARD,LEVEL_7,SPWI701,WIZARD_SPELL_TURNING
194,WIZARD,LEVEL_7,SPWI702,WIZARD_PROTECTION_FROM_THE_ELEMENTS
195,WIZARD,LEVEL_7,SPWI703,WIZARD_PROJECT_IMAGE
196,WIZARD,LEVEL_7,SPWI704,WIZARD_RUBY_RAY_OF_REVERSAL
197,WIZARD,LEVEL_7,SPWI705,WIZARD_KHELBENS_WARDING_WHIP
198,WIZARD,LEVEL_7,SPWI705,WIZARD_WARDING_WHIP
199,WIZARD,LEVEL_7,SPWI707,WIZARD_CACOFIEND
200,WIZARD,LEVEL_7,SPWI708,WIZARD_MANTLE
201,WIZARD,LEVEL_7,SPWI709,WIZARD_TATTOOS_OF_POWER
202,WIZARD,LEVEL_7,SPWI710,WIZARD_SPELL_SEQUENCER
203,WIZARD,LEVEL_7,SPWI711,WIZARD_SPHERE_OF_CHAOS
204,WIZARD,LEVEL_7,SPWI712,WIZARD_DELAYED_BLAST_FIREBALL
205,WIZARD,LEVEL_7,SPWI713,WIZARD_FINGER_OF_DEATH
206,WIZARD,LEVEL_7,SPWI714,WIZARD_PRISMATIC_SPRAY
207,WIZARD,LEVEL_7,SPWI715,WIZARD_POWER_WORD_STUN
208,WIZARD,LEVEL_7,SPWI716,WIZARD_MORDENKAINENS_SWORD
209,WIZARD,LEVEL_7,SPWI717,WIZARD_SUMMON_EFREET
210,WIZARD,LEVEL_7,SPWI718,WIZARD_SUMMON_DJINNI
211,WIZARD,LEVEL_7,SPWI719,WIZARD_SUMMON_HAKEASHAR
212,WIZARD,LEVEL_7,SPWI720,WIZARD_CONTROL_UNDEAD
213,WIZARD,LEVEL_7,SPWI721,WIZARD_MASS_INVISIBILITY
214,WIZARD,LEVEL_7,SPWI722,WIZARD_LIMITED_WISH
215,WIZARD,LEVEL_7,SPWI723,WIZARD_IMPROVED_CHAOS_SHIELD
216,WIZARD,LEVEL_8,SPWI801,WIZARD_DELETED
217,WIZARD,LEVEL_8,SPWI803,WIZARD_PROTECTION_FROM_ENERGY
218,WIZARD,LEVEL_8,SPWI804,WIZARD_SIMULACRUM
219,WIZARD,LEVEL_8,SPWI805,WIZARD_PIERCE_SHIELD
220,WIZARD,LEVEL_8,SPWI807,WIZARD_SUMMON_FIEND
221,WIZARD,LEVEL_8,SPWI808,WIZARD_IMPROVED_MANTLE
222,WIZARD,LEVEL_8,SPWI809,WIZARD_SPELL_TRIGGER
223,WIZARD,LEVEL_8,SPWI810,WIZARD_INCENDIARY_CLOUD
224,WIZARD,LEVEL_8,SPWI811,WIZARD_SYMBOL_FEAR
225,WIZARD,LEVEL_8,SPWI812,WIZARD_ABI_DALZIMS_HORRID_WILTING
226,WIZARD,LEVEL_8,SPWI813,WIZARD_MAZE
227,WIZARD,LEVEL_8,SPWI814,WIZARD_OTTOS_IRRESISTIBLE_DANCE
228,WIZARD,LEVEL_8,SPWI815,WIZARD_POWER_WORD_BLIND
229,WIZARD,LEVEL_8,SPWI816,WIZARD_SYMBOL_STUN
230,WIZARD,LEVEL_8,SPWI817,WIZARD_SYMBOL_DEATH
231,WIZARD,LEVEL_8,SPWI818,WIZARD_BIGBYS_CLENCHED_FIST
232,WIZARD,LEVEL_8,SPWI897,WIZARD_NPC_SYMBOL_DEATH
233,WIZARD,LEVEL_8,SPWI898,WIZARD_NPC_SYMBOL_STUN
234,WIZARD,LEVEL_8,SPWI899,WIZARD_NPC_SYMBOL_FEAR
235,WIZARD,LEVEL_9,SPWI902,WIZARD_SPELL_TRAP
236,WIZARD,LEVEL_9,SPWI903,WIZARD_SPELL_STRIKE
237,WIZARD,LEVEL_9,SPWI905,WIZARD_GATE
238,WIZARD,LEVEL_9,SPWI907,WIZARD_ABSOLUTE_IMMUNITY
239,WIZARD,LEVEL_9,SPWI908,WIZARD_CHAIN_CONTINGENCY
240,WIZARD,LEVEL_9,SPWI909,WIZARD_TIME_STOP
241,WIZARD,LEVEL_9,SPWI910,WIZARD_IMPRISONMENT
242,WIZARD,LEVEL_9,SPWI911,WIZARD_METEOR_SWARM
243,WIZARD,LEVEL_9,SPWI912,WIZARD_POWER_WORD_KILL
244,WIZARD,LEVEL_9,SPWI913,WIZARD_WAIL_OF_THE_BANSHEE
245,WIZARD,LEVEL_9,SPWI914,WIZARD_ENERGY_DRAIN
246,WIZARD,LEVEL_9,SPWI915,WIZARD_BLACK_BLADE_OF_DISASTER
247,WIZARD,LEVEL_9,SPWI916,WIZARD_SHAPECHANGE
248,WIZARD,LEVEL_9,SPWI917,WIZARD_FREEDOM
249,WIZARD,LEVEL_9,SPWI918,WIZARD_BIGBYS_CRUSHING_HAND
250,WIZARD,LEVEL_9,SPWI919,WIZARD_WISH
251,WIZARD,LEVEL_9,SPWI920,WIZARD_ENERGY_BLADES
252,WIZARD,LEVEL_9,SPWI921,WIZARD_IMPROVED_ALACRITY
253,WIZARD,LEVEL_9,SPWI921,WIZARD_IMPROVED_ALUCRITY
254,WIZARD,LEVEL_9,SPWI922,WIZARD_DRAGONS_BREATH
255,WIZARD,LEVEL_9,SPWI923,WIZARD_SUMMON_PLANATAR_GOOD
256,WIZARD,LEVEL_9,SPWI924,WIZARD_SUMMON_PLANATAR_EVIL
257,WIZARD,LEVEL_9,SPWI925,WIZARD_COMET
258,BARBARIAN,LEVEL_1,SPCL152,BARBARIAN_RAGE
259,ASSASSIN,LEVEL_4,SPCL423,ASSASSIN_POISON
260,BLADE,LEVEL_5,SPCL521,BLADE_OFFENSIVE_SPIN
261,BLADE,LEVEL_5,SPCL522,BLADE_DEFENSIVE_SPIN
262,HELL,LEVEL_6,SPIN658,HELL_BUFFET
263,HELL,LEVEL_7,SPIN747,HELL_SELFISH_EVIL
264,HELL,LEVEL_7,SPIN748,HELL_SELFISH_GOOD
265,HELL,LEVEL_7,SPIN749,HELL_WRATH_EVIL
266,HELL,LEVEL_7,SPIN750,HELL_WRATH_GOOD
267,HELL,LEVEL_7,SPIN751,HELL_PRIDE_EVIL
268,HELL,LEVEL_7,SPIN752,HELL_PRIDE_GOOD
269,HELL,LEVEL_7,SPIN753,HELL_FEAR_EVIL
270,HELL,LEVEL_7,SPIN754,HELL_FEAR_GOOD
271,HELL,LEVEL_7,SPIN755,HELL_GREED_EVIL
272,HELL,LEVEL_7,SPIN756,HELL_GREED_GOOD
273,HELL,LEVEL_7,SPIN759,HELL_GAIN_CHR
274,HELL,LEVEL_7,SPIN760,HELL_GAIN_CON
275,HELL,LEVEL_7,SPIN761,HELL_GAIN_DEX
276,HELL,LEVEL_7,SPIN762,HELL_GAIN_WIS
277,HELL,LEVEL_7,SPIN763,HELL_GAIN_INT
278,HELL,LEVEL_7,SPIN764,HELL_GAIN_STR
279,HELL,LEVEL_7,SPIN765,HELL_LOSE_XP
280,HELL,LEVEL_7,SPIN766,HELL_LOSE_DEX
281,HELL,LEVEL_7,SPIN767,HELL_LOSE_HP
282,HELL,LEVEL_7,SPIN768,HELL_DISPELL
283,HELL,LEVEL_7,SPIN769,HELL_HOLD
284,HELL,LEVEL_7,SPIN770,HELL_EXPLODE
285,HELL,LEVEL_7,SPIN771,HELL_DAMAGE_HALF
286,HELL,LEVEL_7,SPIN772,HELL_FEAR
287,HELL,LEVEL_9,SPIN956,HELL_HOUND_FLAME
288,CAVALIER,LEVEL_2,SPCL222,CAVALIER_REMOVE_FEAR
289,WILD,LEVEL_6,SPIN645,WILD_MAGIC_AREA
290,WILD,LEVEL_7,SPIN778,WILD_MAGIC_ZONE
291,LATHANDER,LEVEL_7,SPCL741,LATHANDER_BOON
292,LATHANDER,LEVEL_7,SPCL742,LATHANDER_HOLD_UNDEAD
293,WARRIOR,LEVEL_9,SPCL900,WARRIOR_WHIRLWIND
294,WARRIOR,LEVEL_9,SPCL901,WARRIOR_GREATER_WHIRLWIND
295,WARRIOR,LEVEL_9,SPCL902,WARRIOR_DEATHBLOW
296,WARRIOR,LEVEL_9,SPCL903,WARRIOR_GREATER_DEATHBLOW
297,WARRIOR,LEVEL_9,SPCL904,WARRIOR_RESIST_MAGIC
298,WARRIOR,LEVEL_9,SPCL905,WARRIOR_CRITICAL_STRIKE
299,WARRIOR,LEVEL_9,SPCL906,WARRIOR_POWER_ATTACK
300,WARRIOR,LEVEL_9,SPCL907,WARRIOR_HARDINESS
301,WARRIOR,LEVEL_9,SPCL908,WARRIOR_WAR_CRY
302,WARRIOR,LEVEL_9,SPCL909,WARRIOR_SMITE
303,GAIN,LEVEL_5,SPIN554,GAIN_ONE_CHA_PERMANENT
304,GAIN,LEVEL_5,SPIN555,GAIN_ONE_WIS_PERMANENT
305,GAIN,LEVEL_5,SPIN556,GAIN_ONE_INT_PERMANENT
306,GAIN,LEVEL_5,SPIN557,GAIN_ONE_DEX_PERMANENT
307,GAIN,LEVEL_5,SPIN577,GAIN_ONE_THACO
308,GAIN,LEVEL_5,SPIN578,GAIN_ONE_AC
309,GAIN,LEVEL_5,SPIN584,GAIN_HASTE_TEMPORARY
310,GAIN,LEVEL_5,SPIN585,GAIN_MAGIC_RESIST_PERMANENT
311,GAIN,LEVEL_5,SPIN590,GAIN_ONE_CON_PERMANENT
312,GAIN,LEVEL_5,SPIN591,GAIN_ONE_STR_PERMANENT
313,DRUID,LEVEL_1,SPIN123,DRUID_HUMAN_FORM
314,DRUID,LEVEL_1,SPIN123,DRUID_SHAPESHIFT_FROM_BLACKBEAR
315,DRUID,LEVEL_6,SPCL611,DRUID_SHAPESHIFT_BROWNBEAR
316,DRUID,LEVEL_6,SPCL612,DRUID_SHAPESHIFT_WOLF
317,DRUID,LEVEL_6,SPCL613,DRUID_SHAPESHIFT_BLACKBEAR
318,DRUID,LEVEL_9,SPCL924,DRUID_IMMUNE_POISON
319,DRUID,LEVEL_9,SPCL925,DRUID_RESISTS
320,EVIL,LEVEL_7,SPIN773,EVIL_LAYONHANDS
321,SHADOWDANCER,LEVEL_9,SPCL936,SHADOWDANCER_SHADOW_TWIN
322,SHADOWDANCER,LEVEL_9,SPCL937,SHADOWDANCER_SHADOW_MAZE
323,SHADOWDANCER,LEVEL_9,SPCL938,SHADOWDANCER_SHADOW_FORM
324,INNATE,LEVEL_1,SPIN101,INNATE_CURE_LIGHT_WOUNDS
325,INNATE,LEVEL_1,SPIN102,INNATE_SLOW_POISON
326,INNATE,LEVEL_1,SPIN103,INNATE_DRAW_UPON_HOLY_MIGHT
327,INNATE,LEVEL_1,SPIN104,INNATE_LARLOCHS_MINOR_DRAIN
328,INNATE,LEVEL_1,SPIN105,INNATE_HORROR
329,INNATE,LEVEL_1,SPIN106,INNATE_VAMPIRIC_TOUCH
330,DM,LEVEL_6,SPIN650,DM_SHIELD
331,DM,LEVEL_6,SPIN651,DM_SEE_INVISIBLE
332,DM,LEVEL_6,SPIN652,DM_MAGIC_PROTECTION
333,DM,LEVEL_6,SPIN653,DM_COLD_PROTECTION
334,DM,LEVEL_6,SPIN654,DM_FIRE_PROTECTION
335,DM,LEVEL_6,SPIN655,DM_IMPROVED_HASTE
336,MONK,LEVEL_8,SPCL811,MONK_STUNNING_BLOW
337,MONK,LEVEL_8,SPCL815,MONK_LAY_ON_HANDS
338,MONK,LEVEL_8,SPCL820,MONK_QUIVERING_PALM
339,AVENGER,LEVEL_1,SPIN122,AVENGER_SHAPESHIFT_NATURAL_FORM
340,AVENGER,LEVEL_6,SPCL632,AVENGER_SHAPESHIFT_SWORDSPIDER
341,AVENGER,LEVEL_6,SPCL633,AVENGER_SHAPESHIFT_BABYWYVERN
342,AVENGER,LEVEL_6,SPCL634,AVENGER_SHAPESHIFT_FIRESALAMANDER
343,ROGUE,LEVEL_9,SPCL910,ROGUE_SET_SPIKE_TRAP
344,ROGUE,LEVEL_9,SPCL911,ROGUE_SET_EXPLODING_TRAP
345,ROGUE,LEVEL_9,SPCL912,ROGUE_SET_TIME_TRAP
346,ROGUE,LEVEL_9,SPCL913,ROGUE_EVASION
347,ROGUE,LEVEL_9,SPCL914,ROGUE_GREATER_EVASION
348,ROGUE,LEVEL_9,SPCL916,ROGUE_ASSASINATION
349,ROGUE,LEVEL_9,SPCL917,ROGUE_AVOID_DEATH
350,BOOK,LEVEL_8,SPIN840,BOOK_GOLEM
351,BOOK,LEVEL_8,SPIN841,BOOK_BEHOLD
352,BOOK,LEVEL_8,SPIN842,BOOK_MIND
353,BOOK,LEVEL_8,SPIN843,BOOK_UMBER
354,BOOK,LEVEL_8,SPIN844,BOOK_SPIDER
355,BOOK,LEVEL_8,SPIN845,BOOK_KOBOLD
356,INQUIS,LEVEL_2,SPCL231,INQUIS_DISPEL_MAGIC
357,INQUIS,LEVEL_2,SPCL232,INQUIS_TRUE_SIGHT
358,BEASTMASTER,LEVEL_3,SPCL342,BEASTMASTER_FIND_FAMILIAR
359,POWERWORD,LEVEL_9,SPWI958,POWERWORD_BLIND
360,POWERWORD,LEVEL_9,SPWI959,POWERWORD_STUN
361,POWERWORD,LEVEL_9,SPWI960,POWERWORD_KILL
362,CLERIC,LEVEL_1,SPPR101,CLERIC_BLESS
363,CLERIC,LEVEL_1,SPPR102,CLERIC_COMMAND
364,CLERIC,LEVEL_1,SPPR103,CLERIC_CURE_LIGHT_WOUNDS
365,CLERIC,LEVEL_1,SPPR104,CLERIC_DETECT_EVIL
366,CLERIC,LEVEL_1,SPPR105,CLERIC_ENTANGLE
367,CLERIC,LEVEL_1,SPPR106,CLERIC_MAGIC_STONE
368,CLERIC,LEVEL_1,SPPR107,CLERIC_PROTECT_FROM_EVIL
369,CLERIC,LEVEL_1,SPPR108,CLERIC_REMOVE_FEAR
370,CLERIC,LEVEL_1,SPPR109,CLERIC_SANCTUARY
371,CLERIC,LEVEL_1,SPPR110,CLERIC_SHILLELAGH
372,CLERIC,LEVEL_1,SPPR111,CLERIC_ARMOR_OF_FAITH
373,CLERIC,LEVEL_1,SPPR112,CLERIC_CIRCLE_OF_PROTECTION
374,CLERIC,LEVEL_1,SPPR113,CLERIC_DOOM
375,CLERIC,LEVEL_1,SPPR114,CLERIC_ANIMAL_FRIENDSHIP
376,CLERIC,LEVEL_1,SPPR115,CLERIC_ENDURE_HEAT_COLD
377,CLERIC,LEVEL_1,SPPR150,CLERIC_SPIRIT_WARD
378,CLERIC,LEVEL_2,SPPR201,CLERIC_AID
379,CLERIC,LEVEL_2,SPPR202,CLERIC_BARKSKIN
380,CLERIC,LEVEL_2,SPPR203,CLERIC_CHANT
381,CLERIC,LEVEL_2,SPPR204,CLERIC_CHARM_PERSON
382,CLERIC,LEVEL_2,SPPR205,CLERIC_FIND_TRAPS
383,CLERIC,LEVEL_2,SPPR206,CLERIC_FLAME_BLADE
384,CLERIC,LEVEL_2,SPPR207,CLERIC_GOOD_BERRIES
385,CLERIC,LEVEL_2,SPPR208,CLERIC_HOLD_PERSON
386,CLERIC,LEVEL_2,SPPR209,CLERIC_KNOW_ALIGNMENT
387,CLERIC,LEVEL_2,SPPR210,CLERIC_RESIST_FIRE
388,CLERIC,LEVEL_2,SPPR211,CLERIC_SILENCE_15_FOOT
389,CLERIC,LEVEL_2,SPPR212,CLERIC_SLOW_POISON
390,CLERIC,LEVEL_2,SPPR213,CLERIC_SPIRITUAL_HAMMER
391,CLERIC,LEVEL_2,SPPR214,CLERIC_DRAW_UPON_HOLY_MIGHT
392,CLERIC,LEVEL_2,SPPR215,CLERIC_RESIST_COLD
393,CLERIC,LEVEL_2,SPPR250,CLERIC_WRITHING_FOG
394,CLERIC,LEVEL_3,SPPR301,CLERIC_ANIMATE_DEAD
395,CLERIC,LEVEL_3,SPPR302,CLERIC_CALL_LIGHTNING
396,CLERIC,LEVEL_3,SPPR303,CLERIC_DISPEL_MAGIC
397,CLERIC,LEVEL_3,SPPR304,CLERIC_GLYPH_OF_WARDING
398,CLERIC,LEVEL_3,SPPR305,CLERIC_HOLD_ANIMAL
399,CLERIC,LEVEL_3,SPPR306,CLERIC_PROTECTION_FROM_FIRE
400,CLERIC,LEVEL_3,SPPR307,CLERIC_REMOVE_CURSE
401,CLERIC,LEVEL_3,SPPR308,CLERIC_REMOVE_PARALYSIS
402,CLERIC,LEVEL_3,SPPR309,CLERIC_INVISIBILITY_PURGE
403,CLERIC,LEVEL_3,SPPR310,CLERIC_MISCAST_MAGIC
404,CLERIC,LEVEL_3,SPPR311,CLERIC_RIGID_THINKING
405,CLERIC,LEVEL_3,SPPR312,CLERIC_STRENGTH_OF_ONE
406,CLERIC,LEVEL_3,SPPR313,CLERIC_HOLY_SMITE
407,CLERIC,LEVEL_3,SPPR314,CLERIC_UNHOLY_BLIGHT
408,CLERIC,LEVEL_3,SPPR315,CLERIC_CURE_MEDIUM_WOUNDS
409,CLERIC,LEVEL_3,SPPR316,CLERIC_CURE_BLIND_DEAF
410,CLERIC,LEVEL_3,SPPR317,CLERIC_CURE_DISEASE
411,CLERIC,LEVEL_3,SPPR318,CLERIC_ZONE_OF_SWEET_AIR
412,CLERIC,LEVEL_3,SPPR319,CLERIC_SUMMON_INSECTS
413,CLERIC,LEVEL_3,SPPR350,CLERIC_SPIRITUAL_CLARITY
414,CLERIC,LEVEL_4,SPPR401,CLERIC_CURE_SERIOUS_WOUNDS
415,CLERIC,LEVEL_4,SPPR402,CLERIC_ANIMAL_SUMMONING_1
416,CLERIC,LEVEL_4,SPPR403,CLERIC_FREE_ACTION
417,CLERIC,LEVEL_4,SPPR404,CLERIC_NEUTRALIZE_POISON
418,CLERIC,LEVEL_4,SPPR405,CLERIC_MENTAL_DOMINATION
419,CLERIC,LEVEL_4,SPPR406,CLERIC_DEFENSIVE_HARMONY
420,CLERIC,LEVEL_4,SPPR407,CLERIC_PROTECTION_FROM_LIGHTNING
421,CLERIC,LEVEL_4,SPPR408,CLERIC_PROTECTION_FROM_EVIL_10_FOOT
422,CLERIC,LEVEL_4,SPPR409,CLERIC_DEATH_WARD
423,CLERIC,LEVEL_4,SPPR410,CLERIC_CALL_WOODLAND_BEINGS
424,CLERIC,LEVEL_4,SPPR411,CLERIC_POISON
425,CLERIC,LEVEL_4,SPPR412,CLERIC_HOLY_POWER
426,CLERIC,LEVEL_4,SPPR413,CLERIC_NEGATIVE_PLANE_PROTECTION
427,CLERIC,LEVEL_4,SPPR414,CLERIC_CAUSE_SERIOUS_WOUNDS
428,CLERIC,LEVEL_4,SPPR415,CLERIC_FAR_SIGHT
429,CLERIC,LEVEL_4,SPPR416,CLERIC_CLOAK_OF_FEAR
430,CLERIC,LEVEL_4,SPPR417,CLERIC_LESSER_RESTORATION
431,CLERIC,LEVEL_4,SPPR450,CLERIC_SPIRIT_FIRE
432,CLERIC,LEVEL_5,SPPR501,CLERIC_ANIMAL_SUMMONING_2
433,CLERIC,LEVEL_5,SPPR502,CLERIC_CURE_CRITICAL_WOUNDS
434,CLERIC,LEVEL_5,SPPR503,CLERIC_FLAME_STRIKE
435,CLERIC,LEVEL_5,SPPR504,CLERIC_RAISE_DEAD
436,CLERIC,LEVEL_5,SPPR505,CLERIC_TRUE_SIGHT
437,CLERIC,LEVEL_5,SPPR506,CLERIC_IRONSKIN
438,CLERIC,LEVEL_5,SPPR507,CLERIC_CHAMPIONS_STRENGTH
439,CLERIC,LEVEL_5,SPPR508,CLERIC_CHAOTIC_COMMANDS
440,CLERIC,LEVEL_5,SPPR509,CLERIC_MAGIC_RESISTANCE
441,CLERIC,LEVEL_5,SPPR510,CLERIC_CAUSE_CRITICAL_WOUNDS
442,CLERIC,LEVEL_5,SPPR511,CLERIC_SLAY_LIVING
443,CLERIC,LEVEL_5,SPPR512,CLERIC_GREATER_COMMAND
444,CLERIC,LEVEL_5,SPPR513,CLERIC_RIGHTEOUS_MAGIC
445,CLERIC,LEVEL_5,SPPR514,CLERIC_MASS_CURE
446,CLERIC,LEVEL_5,SPPR515,CLERIC_REPULSE_UNDEAD
447,CLERIC,LEVEL_5,SPPR516,CLERIC_PIXIE_DUST
448,CLERIC,LEVEL_5,SPPR517,CLERIC_INSECT_PLAGUE
449,CLERIC,LEVEL_5,SPPR550,CLERIC_RECALL_SPIRIT
450,CLERIC,LEVEL_6,SPPR601,CLERIC_AERIAL_SERVANT
451,CLERIC,LEVEL_6,SPPR602,CLERIC_ANIMAL_SUMMONING_3
452,CLERIC,LEVEL_6,SPPR603,CLERIC_BLADE_BARRIER
453,CLERIC,LEVEL_6,SPPR604,CLERIC_CONJURE_ANIMALS
454,CLERIC,LEVEL_6,SPPR605,CLERIC_CONJURE_FIRE_ELEMENTAL
455,CLERIC,LEVEL_6,SPPR606,CLERIC_FIRE_SEEDS
456,CLERIC,LEVEL_6,SPPR607,CLERIC_HEAL
457,CLERIC,LEVEL_6,SPPR608,CLERIC_HARM
458,CLERIC,LEVEL_6,SPPR609,CLERIC_FALSE_DAWN
459,CLERIC,LEVEL_6,SPPR610,CLERIC_DOLOROUS_DECAY
460,CLERIC,LEVEL_6,SPPR611,CLERIC_WONDROUS_RECALL
461,CLERIC,LEVEL_6,SPPR612,CLERIC_BOLT_OF_GLORY
462,CLERIC,LEVEL_6,SPPR613,CLERIC_PHYSICAL_MIRROR
463,CLERIC,LEVEL_6,SPPR614,CLERIC_SOL_SEARING_ORB
464,CLERIC,LEVEL_6,SPPR650,CLERIC_SPIRITUAL_LOCK
465,CLERIC,LEVEL_7,SPPR701,CLERIC_SHIELD_OF_THE_ARCHONS
466,CLERIC,LEVEL_7,SPPR702,CLERIC_CONJURE_EARTH_ELEMENTAL
467,CLERIC,LEVEL_7,SPPR703,CLERIC_GATE
468,CLERIC,LEVEL_7,SPPR704,CLERIC_NATURE_BEAUTY
469,CLERIC,LEVEL_7,SPPR705,CLERIC_FIRE_STORM
470,CLERIC,LEVEL_7,SPPR706,CLERIC_SYMBOL_FEAR
471,CLERIC,LEVEL_7,SPPR707,CLERIC_SUNRAY
472,CLERIC,LEVEL_7,SPPR708,CLERIC_FINGER_OF_DEATH
473,CLERIC,LEVEL_7,SPPR709,CLERIC_CONFUSION
474,CLERIC,LEVEL_7,SPPR710,CLERIC_HOLY_WORD
475,CLERIC,LEVEL_7,SPPR711,CLERIC_REGENERATE
476,CLERIC,LEVEL_7,SPPR712,CLERIC_RESURRECTION
477,CLERIC,LEVEL_7,SPPR713,CLERIC_RESTORATION
478,CLERIC,LEVEL_7,SPPR714,CLERIC_ENERGY_DRAIN
479,CLERIC,LEVEL_7,SPPR715,CLERIC_UNHOLY_WORD
480,CLERIC,LEVEL_7,SPPR716,CLERIC_SPACE_WARP
481,CLERIC,LEVEL_7,SPPR717,CLERIC_CREEPING_DOOM
482,CLERIC,LEVEL_7,SPPR718,CLERIC_SYMBOL_STUN
483,CLERIC,LEVEL_7,SPPR719,CLERIC_SYMBOL_DEATH
484,CLERIC,LEVEL_7,SPPR720,CLERIC_EARTHQUAKE
485,CLERIC,LEVEL_7,SPPR721,CLERIC_ENERGY_BLADES
486,CLERIC,LEVEL_7,SPPR722,CLERIC_STORM_OF_VENGEANCE
487,CLERIC,LEVEL_7,SPPR723,CLERIC_ELEMENTAL_SWARM
488,CLERIC,LEVEL_7,SPPR724,CLERIC_GREATER_ELEMENTAL_SWARM
489,CLERIC,LEVEL_7,SPPR725,CLERIC_GLOBE_OF_BLADES
490,CLERIC,LEVEL_7,SPPR726,CLERIC_SUMMON_DEVA
491,CLERIC,LEVEL_7,SPPR727,CLERIC_SUMMON_FALLEN_DEVA
492,CLERIC,LEVEL_7,SPPR728,CLERIC_IMPLOSION
493,CLERIC,LEVEL_7,SPPR729,CLERIC_MASS_RAISE_DEAD
494,CLERIC,LEVEL_7,SPPR730,CLERIC_AURA_OF_FLAMING_DEATH
495,CLERIC,LEVEL_7,SPPR731,CLERIC_ELEMENTAL_TRANSFORMATION_FIRE
496,CLERIC,LEVEL_7,SPPR732,CLERIC_ELEMENTAL_TRANSFORMATION_EARTH
497,CLERIC,LEVEL_7,SPPR750,CLERIC_ETHER_GATE
498,CLERIC,LEVEL_7,SPPR751,CLERIC_ETHEREAL_RETRIBUTION
499,KENSAI,LEVEL_1,SPCL144,KENSAI_KIA
500,WISH,LEVEL_7,SPIN731,WISH_SPELL_FAILURE
501,WISH,LEVEL_7,SPIN732,WISH_LOSE_SPELL
502,WISH,LEVEL_7,SPIN733,WISH_POISON
503,WISH,LEVEL_7,SPIN734,WISH_HEAL_PARTY
504,WISH,LEVEL_7,SPIN735,WISH_RABBIT
505,WISH,LEVEL_7,SPIN736,WISH_GLOBE
506,WISH,LEVEL_7,SPIN737,WISH_MEMORIZE
507,WISH,LEVEL_7,SPIN738,WISH_PLANE
508,TRAP,LEVEL_9,SPPR982,TRAP_DIRE_CHARM
509,TRAP,LEVEL_9,SPPR983,TRAP_CONFUSION
510,TRAP,LEVEL_9,SPPR984,TRAP_CHROMATIC_ORB
511,TRAP,LEVEL_9,SPPR985,TRAP_FLAMESTRIKE
512,TRAP,LEVEL_9,SPPR986,TRAP_MISCAST_MAGIC
513,TRAP,LEVEL_9,SPPR987,TRAP_CALL_LIGHTNING
514,TRAP,LEVEL_9,SPPR988,TRAP_SILENCE
515,TRAP,LEVEL_9,SPPR989,TRAP_HOLD_PERSON
516,TRAP,LEVEL_0,SPWI001,TRAP_FIREBALL
517,TRAP,LEVEL_0,SPWI002,TRAP_LIGHTNING_BOLT
518,TRAP,LEVEL_0,SPWI003,TRAP_MAGIC_MISSILE
519,TRAP,LEVEL_0,SPWI004,TRAP_STINKING_CLOUD
520,TRAP,LEVEL_0,SPWI005,TRAP_ARROW
521,TRAP,LEVEL_0,SPWI006,TRAP_ARROW_SLAYING
522,TRAP,LEVEL_0,SPWI007,TRAP_ARROW_ACID
523,TRAP,LEVEL_0,SPWI008,TRAP_ARROW_BITING
524,TRAP,LEVEL_0,SPWI009,TRAP_ARROW_DETONATION
525,TRAP,LEVEL_0,SPWI010,TRAP_ARROW_DISPELLING
526,TRAP,LEVEL_0,SPWI011,TRAP_ARROW_FIRE
527,TRAP,LEVEL_0,SPWI012,TRAP_ARROW_ICE
528,TRAP,LEVEL_0,SPWI013,TRAP_ARROW_PIERCING
529,TRAP,LEVEL_0,SPWI014,TRAP_MONSTER_SUMMONING
530,TRAP,LEVEL_0,SPWI015,TRAP_FROST
531,TRAP,LEVEL_0,SPWI016,TRAP_CLOUDKILL
532,TRAP,LEVEL_0,SPWI017,TRAP_MINOR_LIGHTNING_BOLT
533,TRAP,LEVEL_0,SPWI020,TRAP_UNDERWATER_BITE
534,TRAP,LEVEL_0,SPWI021,TRAP_HALLWAY_SPIKES
535,TRAP,LEVEL_0,SPWI022,TRAP_MUCK
536,TRAP,LEVEL_0,SPWI023,TRAP_SHADOW_DEATH
537,TRAP,LEVEL_0,SPWI024,TRAP_GUILLOTINE
538,TRAP,LEVEL_0,SPWI025,TRAP_LIGHTNING_ORB1
539,TRAP,LEVEL_0,SPWI026,TRAP_LIGHTNING_ORB2
540,TRAP,LEVEL_0,SPWI027,TRAP_LIGHTNING_ORB3
541,TRAP,LEVEL_7,SPIN705,TRAP_PENDULUM
542,TRAP,LEVEL_7,SPIN706,TRAP_VENT
543,TRAP,LEVEL_7,SPIN707,TRAP_DARTS
544,TRAP,LEVEL_7,SPIN708,TRAP_SLIME
545,TRAP,LEVEL_7,SPIN709,TRAP_SPEAR
546,TALOS,LEVEL_7,SPCL721,TALOS_STORMSHIELD
547,TALOS,LEVEL_7,SPCL722,TALOS_LIGHTNING_BOLT
548,SUN,LEVEL_2,SPCL236,SUN_SOUL_SUN_SOULRAY
549,SUN,LEVEL_2,SPCL237,SUN_SOUL_GREATER_SUN
550,SUN,LEVEL_2,SPCL239,SUN_SOUL_SUN_SOULBEAM
551,HELM,LEVEL_5,SPIN592,HELM_RITUAL_SCROLL
552,HELM,LEVEL_7,SPCL731,HELM_SEEKING_SWORD
553,HELM,LEVEL_7,SPCL732,HELM_TRUE_SIGHT
